{"rna + meth + rppa": {"fit_time": [605.5285506248474, 639.7940301895142, 488.4917542934418, 542.3800015449524, 333.19528317451477], "score_time": [1.6264338493347168, 1.4231939315795898, 1.7477593421936035, 1.343224287033081, 0.737372636795044], "test_accuracy": [0.7589285714285714, 0.7767857142857143, 0.7678571428571429, 0.8018018018018018, 0.7747747747747747], "test_balanced_accuracy": [0.730952380952381, 0.7452380952380953, 0.7476190476190476, 0.7670731707317073, 0.7456445993031359], "test_f1": [0.755456132693147, 0.7719542362399505, 0.7666609412572999, 0.7964450937423911, 0.7713454610006335], "test_recall (early)": [0.8428571428571429, 0.8714285714285714, 0.8285714285714286, 0.9, 0.8571428571428571], "test_recall (late)": [0.6190476190476191, 0.6190476190476191, 0.6666666666666666, 0.6341463414634146, 0.6341463414634146]}, "meth + rppa": {"fit_time": [73.1266016960144, 72.99237632751465, 70.11639761924744, 70.07686233520508, 43.11995840072632], "score_time": [0.08803820610046387, 0.1252288818359375, 0.09802365303039551, 0.11078166961669922, 0.07338523864746094], "test_accuracy": [0.7767857142857143, 0.7678571428571429, 0.7142857142857143, 0.7657657657657657, 0.7207207207207207], "test_balanced_accuracy": [0.7357142857142858, 0.7285714285714285, 0.6714285714285715, 0.728397212543554, 0.6926829268292682], "test_f1": [0.7680985212737005, 0.7599099099099098, 0.7045045045045045, 0.7594351107864622, 0.7183474525246678], "test_recall (early)": [0.9, 0.8857142857142857, 0.8428571428571429, 0.8714285714285714, 0.8], "test_recall (late)": [0.5714285714285714, 0.5714285714285714, 0.5, 0.5853658536585366, 0.5853658536585366]}, "rna + rppa": {"fit_time": [412.12349247932434, 452.7253143787384, 393.67793107032776, 432.06323528289795, 268.20948123931885], "score_time": [1.003920316696167, 1.0502989292144775, 1.4547755718231201, 0.9270007610321045, 0.6515440940856934], "test_accuracy": [0.7321428571428571, 0.7857142857142857, 0.7767857142857143, 0.8018018018018018, 0.8018018018018018], "test_balanced_accuracy": [0.7, 0.7523809523809524, 0.7547619047619047, 0.7670731707317073, 0.7721254355400697], "test_f1": [0.7273445732349842, 0.7802275960170696, 0.774993524993525, 0.7964450937423911, 0.798050754431432], "test_recall (early)": [0.8285714285714286, 0.8857142857142857, 0.8428571428571429, 0.9, 0.8857142857142857], "test_recall (late)": [0.5714285714285714, 0.6190476190476191, 0.6666666666666666, 0.6341463414634146, 0.6585365853658537]}, "rna + meth": {"fit_time": [454.5481719970703, 495.42576003074646, 465.6119794845581, 506.5278797149658, 276.021137714386], "score_time": [1.6864674091339111, 1.154322624206543, 1.0576045513153076, 1.060683250427246, 0.6620521545410156], "test_accuracy": [0.7589285714285714, 0.7767857142857143, 0.7767857142857143, 0.7837837837837838, 0.7837837837837838], "test_balanced_accuracy": [0.730952380952381, 0.7404761904761905, 0.7595238095238095, 0.7477351916376307, 0.7578397212543554], "test_f1": [0.755456132693147, 0.7701342281879195, 0.776232589934205, 0.7779401022644267, 0.7812427812427812], "test_recall (early)": [0.8428571428571429, 0.8857142857142857, 0.8285714285714286, 0.8857142857142857, 0.8571428571428571], "test_recall (late)": [0.6190476190476191, 0.5952380952380952, 0.6904761904761905, 0.6097560975609756, 0.6585365853658537]}}