{"meth + rppa": {"fit_time": [70.68562960624695, 70.7336277961731, 65.53815960884094, 66.17779278755188, 63.908592224121094, 63.17800974845886, 61.53063988685608, 62.02033185958862, 62.28454518318176, 61.76924538612366, 63.418418884277344, 63.15966796875, 60.783215284347534, 60.773813247680664, 34.83990406990051], "score_time": [0.10429143905639648, 0.08234620094299316, 0.10891866683959961, 0.13792133331298828, 0.09810519218444824, 0.10115814208984375, 0.11143064498901367, 0.1142113208770752, 0.10898494720458984, 0.10091423988342285, 0.2170088291168213, 0.1861436367034912, 0.10965561866760254, 0.11809301376342773, 0.0730588436126709], "test_accuracy": [0.7678571428571429, 0.7678571428571429, 0.6964285714285714, 0.8198198198198198, 0.7207207207207207, 0.7053571428571429, 0.7142857142857143, 0.8125, 0.7927927927927928, 0.7747747747747747, 0.7142857142857143, 0.75, 0.7678571428571429, 0.7747747747747747, 0.7837837837837838], "test_balanced_accuracy": [0.7285714285714285, 0.7333333333333334, 0.6761904761904762, 0.7763066202090592, 0.6674216027874564, 0.6690476190476191, 0.6619047619047619, 0.7738095238095238, 0.7599303135888502, 0.7405923344947736, 0.7142857142857143, 0.7095238095238096, 0.7476190476190476, 0.7254355400696864, 0.7477351916376307], "test_f1": [0.7599099099099098, 0.7619132290184922, 0.6964285714285714, 0.8114881799092327, 0.7062766090899083, 0.6989795918367346, 0.6987012987012987, 0.8052027578699085, 0.788056628056628, 0.7696267696267697, 0.7180500658761529, 0.7414414414414415, 0.7666609412572999, 0.763126297653152, 0.7779401022644267], "test_recall (early)": [0.8857142857142857, 0.8714285714285714, 0.7571428571428571, 0.9428571428571428, 0.8714285714285714, 0.8142857142857143, 0.8714285714285714, 0.9285714285714286, 0.8857142857142857, 0.8714285714285714, 0.7142857142857143, 0.8714285714285714, 0.8285714285714286, 0.9142857142857143, 0.8857142857142857], "test_recall (late)": [0.5714285714285714, 0.5952380952380952, 0.5952380952380952, 0.6097560975609756, 0.4634146341463415, 0.5238095238095238, 0.4523809523809524, 0.6190476190476191, 0.6341463414634146, 0.6097560975609756, 0.7142857142857143, 0.5476190476190477, 0.6666666666666666, 0.5365853658536586, 0.6097560975609756]}, "meth": {"fit_time": [12.995680093765259, 13.133514404296875, 12.738029718399048, 13.004946947097778, 12.97964859008789, 12.930802345275879, 12.996816635131836, 13.437299966812134, 13.13261890411377, 13.166543960571289, 13.13033151626587, 12.6152024269104, 13.470198154449463, 13.186974048614502, 6.511200904846191], "score_time": [0.11492347717285156, 0.10792946815490723, 0.11791539192199707, 0.10936570167541504, 0.11107087135314941, 0.12179708480834961, 0.11152338981628418, 0.14252614974975586, 0.11349797248840332, 0.14839959144592285, 0.11492061614990234, 0.11121439933776855, 0.1043391227722168, 0.09633708000183105, 0.06753921508789062], "test_accuracy": [0.7767857142857143, 0.7589285714285714, 0.6875, 0.8108108108108109, 0.6936936936936937, 0.7142857142857143, 0.7053571428571429, 0.7946428571428571, 0.8108108108108109, 0.8018018018018018, 0.7321428571428571, 0.75, 0.7410714285714286, 0.7207207207207207, 0.7747747747747747], "test_balanced_accuracy": [0.75, 0.7261904761904762, 0.6738095238095239, 0.7742160278745644, 0.6560975609756098, 0.6952380952380952, 0.6595238095238095, 0.7595238095238095, 0.7893728222996516, 0.7670731707317073, 0.7285714285714286, 0.7142857142857142, 0.7261904761904762, 0.662369337979094, 0.7506968641114983], "test_f1": [0.7735704932343955, 0.7537105751391466, 0.6894663981877674, 0.804862230990759, 0.6878966204849405, 0.7142857142857143, 0.6938900480812846, 0.7885234899328859, 0.8092031130005813, 0.7964450937423911, 0.7350746268656716, 0.7435988620199147, 0.7416631400761743, 0.7029716283447625, 0.772860848810216], "test_recall (early)": [0.8571428571428571, 0.8571428571428571, 0.7285714285714285, 0.9142857142857143, 0.8, 0.7714285714285715, 0.8428571428571429, 0.9, 0.8714285714285714, 0.9, 0.7428571428571429, 0.8571428571428571, 0.7857142857142857, 0.8857142857142857, 0.8428571428571429], "test_recall (late)": [0.6428571428571429, 0.5952380952380952, 0.6190476190476191, 0.6341463414634146, 0.5121951219512195, 0.6190476190476191, 0.47619047619047616, 0.6190476190476191, 0.7073170731707317, 0.6341463414634146, 0.7142857142857143, 0.5714285714285714, 0.6666666666666666, 0.43902439024390244, 0.6585365853658537]}, "rna + rppa": {"fit_time": [405.6990530490875, 430.18452644348145, 440.8570384979248, 382.8938858509064, 398.6807975769043, 409.95104813575745, 394.30798268318176, 466.4405851364136, 386.9567925930023, 410.7012836933136, 410.0681540966034, 419.4673042297363, 413.3947196006775, 388.26856231689453, 283.4420142173767], "score_time": [1.0081970691680908, 1.4105100631713867, 1.032195806503296, 1.6814093589782715, 0.9648740291595459, 1.0951125621795654, 1.347008228302002, 1.3294095993041992, 0.941868782043457, 1.1055505275726318, 0.9118976593017578, 2.3259997367858887, 0.9285793304443359, 1.1458780765533447, 0.7448492050170898], "test_accuracy": [0.75, 0.8214285714285714, 0.7053571428571429, 0.8018018018018018, 0.8108108108108109, 0.7410714285714286, 0.7232142857142857, 0.8303571428571429, 0.8108108108108109, 0.7927927927927928, 0.8392857142857143, 0.7857142857142857, 0.7946428571428571, 0.7927927927927928, 0.7387387387387387], "test_balanced_accuracy": [0.7285714285714286, 0.7857142857142858, 0.6785714285714286, 0.7620209059233449, 0.769163763066202, 0.7166666666666667, 0.6785714285714286, 0.7880952380952382, 0.7742160278745644, 0.7700348432055749, 0.819047619047619, 0.7428571428571429, 0.7642857142857142, 0.7599303135888502, 0.6918118466898955], "test_f1": [0.7487117828924769, 0.8153153153153153, 0.702991452991453, 0.7946446446446446, 0.8030463071970395, 0.7389924889924889, 0.7124421663793886, 0.8220335082389764, 0.804862230990759, 0.7910319809053986, 0.8375000000000001, 0.7763157894736842, 0.7901978973407545, 0.788056628056628, 0.7280163289863877], "test_recall (early)": [0.8142857142857143, 0.9285714285714286, 0.7857142857142857, 0.9142857142857143, 0.9285714285714286, 0.8142857142857143, 0.8571428571428571, 0.9571428571428572, 0.9142857142857143, 0.8571428571428571, 0.9, 0.9142857142857143, 0.8857142857142857, 0.8857142857142857, 0.8714285714285714], "test_recall (late)": [0.6428571428571429, 0.6428571428571429, 0.5714285714285714, 0.6097560975609756, 0.6097560975609756, 0.6190476190476191, 0.5, 0.6190476190476191, 0.6341463414634146, 0.6829268292682927, 0.7380952380952381, 0.5714285714285714, 0.6428571428571429, 0.6341463414634146, 0.5121951219512195]}, "rna": {"fit_time": [182.5083155632019, 199.90745663642883, 198.51977586746216, 165.79075026512146, 179.31723308563232, 176.8396520614624, 187.81348872184753, 208.3679325580597, 163.31648802757263, 182.56109809875488, 171.30030298233032, 187.83425784111023, 174.78988075256348, 167.1117901802063, 114.10104846954346], "score_time": [2.0204684734344482, 3.2938930988311768, 3.1335835456848145, 2.019803762435913, 2.1115617752075195, 3.1804392337799072, 2.4207985401153564, 2.904099702835083, 2.337421417236328, 2.396717071533203, 2.957895040512085, 2.747741460800171, 3.7767391204833984, 3.3288674354553223, 1.0762386322021484], "test_accuracy": [0.75, 0.8035714285714286, 0.7321428571428571, 0.8018018018018018, 0.8018018018018018, 0.7142857142857143, 0.7321428571428571, 0.8035714285714286, 0.8018018018018018, 0.7837837837837838, 0.8214285714285714, 0.7946428571428571, 0.7767857142857143, 0.7567567567567568, 0.7477477477477478], "test_balanced_accuracy": [0.7285714285714286, 0.7666666666666666, 0.7047619047619047, 0.7620209059233449, 0.7620209059233449, 0.6857142857142857, 0.6904761904761905, 0.7619047619047619, 0.7670731707317073, 0.7628919860627178, 0.8, 0.7595238095238095, 0.7547619047619047, 0.7263066202090592, 0.7090592334494774],