{"rna": {"fit_time": [17.41797375679016, 17.268832683563232, 12.657484531402588, 12.78105115890503, 7.046917200088501], "score_time": [0.12300419807434082, 0.12018966674804688, 0.12012743949890137, 0.1297767162322998, 0.15949654579162598], "test_accuracy": [0.7232142857142857, 0.7857142857142857, 0.7589285714285714, 0.8018018018018018, 0.7477477477477478], "test_balanced_accuracy": [0.6976190476190476, 0.7523809523809524, 0.7357142857142858, 0.7721254355400697, 0.6939024390243902], "test_f1": [0.720991970991971, 0.7802275960170696, 0.7569930069930069, 0.798050754431432, 0.7332466155995567], "test_recall (early)": [0.8, 0.8857142857142857, 0.8285714285714286, 0.8857142857142857, 0.9], "test_recall (late)": [0.5952380952380952, 0.6190476190476191, 0.6428571428571429, 0.6585365853658537, 0.4878048780487805]}, "meth": {"fit_time": [14.272145748138428, 14.965654134750366, 13.222373723983765, 13.563475370407104, 8.408344745635986], "score_time": [0.17635393142700195, 0.2921738624572754, 0.12363862991333008, 0.19037318229675293, 0.07326865196228027], "test_accuracy": [0.7589285714285714, 0.7857142857142857, 0.7767857142857143, 0.7567567567567568, 0.7567567567567568], "test_balanced_accuracy": [0.7357142857142858, 0.7523809523809524, 0.7642857142857142, 0.7263066202090592, 0.7212543554006968], "test_f1": [0.7569930069930069, 0.7802275960170696, 0.7772958104104951, 0.7530530978806841, 0.7511969111969112], "test_recall (early)": [0.8285714285714286, 0.8857142857142857, 0.8142857142857143, 0.8428571428571429, 0.8571428571428571], "test_recall (late)": [0.6428571428571429, 0.6190476190476191, 0.7142857142857143, 0.6097560975609756, 0.5853658536585366]}, "rppa": {"fit_time": [8.22797966003418, 7.962580919265747, 7.826947212219238, 7.788280248641968, 4.565581560134888], "score_time": [0.14597201347351074, 0.07300257682800293, 0.06508708000183105, 0.06966352462768555, 0.05091452598571777], "test_accuracy": [0.7142857142857143, 0.7589285714285714, 0.7232142857142857, 0.7657657657657657, 0.7207207207207207], "test_balanced_accuracy": [0.6714285714285715, 0.6976190476190476, 0.669047619047619, 0.7233449477351916, 0.6775261324041812], "test_f1": [0.7045045045045045, 0.7380986937590711, 0.7065217391304347, 0.7573073073073073, 0.7119394838435015], "test_recall (early)": [0.8428571428571429, 0.9428571428571428, 0.8857142857142857, 0.8857142857142857, 0.8428571428571429], "test_recall (late)": [0.5, 0.4523809523809524, 0.4523809523809524, 0.5609756097560976, 0.5121951219512195]}}