{"rna": {"fit_time": [208.71599316596985, 207.26735711097717, 185.18143916130066, 193.47661423683167, 111.02956247329712], "score_time": [2.7728211879730225, 1.8439257144927979, 2.5235836505889893, 3.6590380668640137, 1.122788906097412], "test_accuracy": [0.7410714285714286, 0.7678571428571429, 0.7857142857142857, 0.7747747747747747, 0.7927927927927928], "test_balanced_accuracy": [0.7119047619047619, 0.7428571428571429, 0.7714285714285715, 0.7456445993031359, 0.7649825783972126], "test_f1": [0.7373417721518987, 0.7652777777777777, 0.7857142857142857, 0.7713454610006335, 0.7896378241205827], "test_recall (early)": [0.8285714285714286, 0.8428571428571429, 0.8285714285714286, 0.8571428571428571, 0.8714285714285714], "test_recall (late)": [0.5952380952380952, 0.6428571428571429, 0.7142857142857143, 0.6341463414634146, 0.6585365853658537]}, "meth": {"fit_time": [12.903178453445435, 15.010687351226807, 15.418380975723267, 15.372183322906494, 12.049010992050171], "score_time": [0.11820316314697266, 0.12734270095825195, 0.1086580753326416, 0.11591982841491699, 0.07249093055725098], "test_accuracy": [0.7410714285714286, 0.75, 0.6875, 0.7387387387387387, 0.7207207207207207], "test_balanced_accuracy": [0.7071428571428571, 0.7142857142857142, 0.6690476190476191, 0.7069686411149826, 0.6977351916376306], "test_f1": [0.7354669140383425, 0.7435988620199147, 0.6882141345746933, 0.7347607347607348, 0.7199871266065118], "test_recall (early)": [0.8428571428571429, 0.8571428571428571, 0.7428571428571429, 0.8285714285714286, 0.7857142857142857], "test_recall (late)": [0.5714285714285714, 0.5714285714285714, 0.5952380952380952, 0.5853658536585366, 0.6097560975609756]}, "rppa": {"fit_time": [9.539868116378784, 9.588465929031372, 7.727537393569946, 7.758835792541504, 5.820207834243774], "score_time": [0.06394147872924805, 0.07543158531188965, 0.07000136375427246, 0.06617593765258789, 0.04508614540100098], "test_accuracy": [0.7053571428571429, 0.7410714285714286, 0.75, 0.7207207207207207, 0.6846846846846847], "test_balanced_accuracy": [0.6690476190476191, 0.6785714285714286, 0.7095238095238096, 0.6724738675958188, 0.6337979094076656], "test_f1": [0.6989795918367346, 0.7186985970004839, 0.7414414414414415, 0.709258834433725, 0.6717438453283989], "test_recall (early)": [0.8142857142857143, 0.9285714285714286, 0.8714285714285714, 0.8571428571428571, 0.8285714285714286], "test_recall (late)": [0.5238095238095238, 0.42857142857142855, 0.5476190476190477, 0.4878048780487805, 0.43902439024390244]}}