{"rna": {"fit_time": [17.74980092048645, 17.854432344436646, 14.225053787231445, 13.779349565505981, 15.118793964385986, 15.663542032241821, 16.63319683074951, 17.164645433425903, 18.956897497177124, 17.91063141822815, 14.256056785583496, 14.075220823287964, 15.000823497772217, 14.879421949386597, 7.14135479927063], "score_time": [0.12346124649047852, 0.13467812538146973, 0.16607022285461426, 0.1312546730041504, 0.25653982162475586, 0.28826117515563965, 0.23835325241088867, 0.2801995277404785, 0.13350868225097656, 0.12745332717895508, 0.17615628242492676, 0.13234448432922363, 0.12100791931152344, 0.1222841739654541, 0.07897639274597168], "test_accuracy": [0.7321428571428571, 0.7589285714285714, 0.7410714285714286, 0.7657657657657657, 0.7477477477477478, 0.7589285714285714, 0.7053571428571429, 0.8125, 0.7657657657657657, 0.7837837837837838, 0.7232142857142857, 0.7678571428571429, 0.7589285714285714, 0.7567567567567568, 0.7477477477477478], "test_balanced_accuracy": [0.7142857142857143, 0.7214285714285714, 0.7071428571428571, 0.7182926829268292, 0.7090592334494774, 0.730952380952381, 0.6595238095238095, 0.7833333333333333, 0.7233449477351916, 0.7578397212543554, 0.7119047619047618, 0.7285714285714285, 0.730952380952381, 0.7212543554006968, 0.7141114982578397], "test_f1": [0.7321428571428571, 0.751744966442953, 0.7354669140383425, 0.7549346338820023, 0.7409301193084977, 0.755456132693147, 0.6938900480812846, 0.8084415584415584, 0.7573073073073073, 0.7812427812427812, 0.7249559526805941, 0.7599099099099098, 0.755456132693147, 0.7511969111969112, 0.7429736874581864], "test_recall (early)": [0.7857142857142857, 0.8714285714285714, 0.8428571428571429, 0.9, 0.8571428571428571, 0.8428571428571429, 0.8428571428571429, 0.9, 0.8857142857142857, 0.8571428571428571, 0.7571428571428571, 0.8857142857142857, 0.8428571428571429, 0.8571428571428571, 0.8428571428571429], "test_recall (late)": [0.6428571428571429, 0.5714285714285714, 0.5714285714285714, 0.5365853658536586, 0.5609756097560976, 0.6190476190476191, 0.47619047619047616, 0.6666666666666666, 0.5609756097560976, 0.6585365853658537, 0.6666666666666666, 0.5714285714285714, 0.6190476190476191, 0.5853658536585366, 0.5853658536585366]}, "meth": {"fit_time": [14.818301439285278, 15.030638456344604, 15.072558879852295, 14.760614395141602, 14.80375051498413, 14.747343301773071, 14.687439441680908, 14.854711055755615, 15.205114603042603, 14.785479068756104, 14.696415901184082, 14.903168439865112, 15.147018432617188, 14.692819595336914, 8.835512638092041], "score_time": [0.12656617164611816, 0.1300501823425293, 0.15326571464538574, 0.11322760581970215, 0.13687443733215332, 0.12642860412597656, 0.13079404830932617, 0.12899041175842285, 0.12790918350219727, 0.12842392921447754, 0.1283400058746338, 0.17880010604858398, 0.12260103225708008, 0.11525225639343262, 0.08645248413085938], "test_accuracy": [0.7410714285714286, 0.7589285714285714, 0.7321428571428571, 0.8018018018018018, 0.7207207207207207, 0.7232142857142857, 0.7321428571428571, 0.7946428571428571, 0.7747747747747747, 0.7927927927927928, 0.7946428571428571, 0.7589285714285714, 0.7767857142857143, 0.7477477477477478, 0.7657657657657657], "test_balanced_accuracy": [0.7071428571428571, 0.7357142857142858, 0.7095238095238096, 0.7620209059233449, 0.702787456445993, 0.6976190476190476, 0.6904761904761905, 0.769047619047619, 0.7506968641114983, 0.7599303135888502, 0.7785714285714286, 0.7261904761904762, 0.7642857142857142, 0.6939024390243902, 0.728397212543554], "test_f1": [0.7354669140383425, 0.7569930069930069, 0.7307626245276537, 0.7946446446446446, 0.7213985242935577, 0.720991970991971, 0.7229729729729729, 0.7916848537756438, 0.772860848810216, 0.788056628056628, 0.7941339827394687, 0.7537105751391466, 0.7772958104104951, 0.7332466155995567, 0.7594351107864622], "test_recall (early)": [0.8428571428571429, 0.8285714285714286, 0.8, 0.9142857142857143, 0.7714285714285715, 0.8, 0.8571428571428571, 0.8714285714285714, 0.8428571428571429, 0.8857142857142857, 0.8428571428571429, 0.8571428571428571, 0.8142857142857143, 0.9, 0.8714285714285714], "test_recall (late)": [0.5714285714285714, 0.6428571428571429, 0.6190476190476191, 0.6097560975609756, 0.6341463414634146, 0.5952380952380952, 0.5238095238095238, 0.6666666666666666, 0.6585365853658537, 0.6341463414634146, 0.7142857142857143, 0.5952380952380952, 0.7142857142857143, 0.4878048780487805, 0.5853658536585366]}, "rppa": {"fit_time": [12.800765991210938, 13.28016710281372, 13.583105564117432, 13.331874370574951, 9.92847728729248, 10.073233127593994, 12.755155801773071, 12.498914241790771, 16.523714065551758, 16.328829526901245, 15.113404750823975, 14.936595439910889, 16.561009645462036, 16.55746078491211, 11.89948558807373], "score_time": [0.13600730895996094, 0.10055136680603027, 0.06855106353759766, 0.09653711318969727, 0.10665059089660645, 0.12511897087097168, 0.16411352157592773, 0.16631388664245605, 0.23225688934326172, 0.19307470321655273, 0.08769631385803223, 0.09601402282714844, 0.22121262550354004, 0.17740440368652344, 0.10531187057495117], "test_accuracy": [0.6875, 0.7589285714285714, 0.75, 0.7927927927927928, 0.7117117117117117, 0.6696428571428571, 0.6517857142857143, 0.7946428571428571, 0.7297297297297297, 0.7927927927927928, 0.7321428571428571, 0.7321428571428571, 0.6964285714285714, 0.7657657657657657, 0.7207207207207207], "test_balanced_accuracy": [0.6357142857142857, 0.7214285714285714, 0.7142857142857142, 0.7447735191637631, 0.6653310104529617, 0.6261904761904762, 0.611904761904762, 0.7547619047619047, 0.6695121951219513, 0.7548780487804878, 0.7, 0.6904761904761905, 0.6714285714285715, 0.7132404181184668, 0.662369337979094], "test_f1": [0.6721669888612721, 0.751744966442953, 0.7435988620199147, 0.7820761938408999, 0.7013013013013013, 0.6597986577181209, 0.6442486085343229, 0.7866506395718044, 0.7108297108297109, 0.7862776815613076, 0.7273445732349842, 0.7229729729729729, 0.6948643077980076, 0.7523004287710171, 0.7029716283447625], "test_recall (early)": [0.8428571428571429, 0.8714285714285714, 0.8571428571428571, 0.9285714285714286, 0.8428571428571429, 0.8, 0.7714285714285715, 0.9142857142857143, 0.9, 0.9, 0.8285714285714286, 0.8571428571428571, 0.7714285714285715, 0.9142857142857143, 0.8857142857142857], "test_recall (late)": [0.42857142857142855, 0.5714285714285714, 0.5714285714285714, 0.5609756097560976, 0.4878048780487805, 0.4523809523809524, 0.4523809523809524, 0.5952380952380952, 0.43902439024390244, 0.6097560975609756, 0.5714285714285714, 0.5238095238095238, 0.5714285714285714, 0.5121951219512195, 0.43902439024390244]}, "rna + meth": {"fit_time": [87.61178350448608, 88.00408554077148, 88.61394166946411, 87.30017399787903, 87.3607873916626, 87.44916558265686, 88.05794477462769, 88.33518409729004, 89.00419044494629, 87.60618829727173, 89.79683661460876, 88.80679154396057, 91.36763381958008, 90.46886038780212, 49.6031756401062], "score_time": [0.14116144180297852, 0.14026474952697754, 0.15517306327819824, 0.13608813285827637, 0.14179539680480957, 0.14017939567565918, 0.1390986442565918, 0.17155838012695312, 0.15230894088745117, 0.11541199684143066, 0.15382623672485352, 0.16320347785949707, 0.22052955627441406, 0.1899418830871582, 0.10209488868713379], "test_accuracy": [0.7589285714285714, 0.7767857142857143, 0.75, 0.7747747747747747, 0.7297297297297297, 0.7589285714285714, 0.7053571428571429, 0.7946428571428571, 0.8018018018018018, 0.7927927927927928, 0.7946428571428571, 0.7589285714285714, 0.8035714285714286, 0.7567567567567568, 0.7837837837837838], "test_balanced_accuracy": [0.7214285714285714, 0.75, 0.719047619047619, 0.7254355400696864, 0.7099303135888502, 0.730952380952381, 0.6547619047619048, 0.7642857142857142, 0.7670731707317073, 0.7700348432055749, 0.7833333333333334, 0.7166666666666667, 0.7857142857142857, 0.695993031358885, 0.7578397212543554],