{"rna + meth + rppa": {"fit_time": [110.18444156646729, 110.36211657524109, 108.64894366264343, 108.97627258300781, 60.65623140335083], "score_time": [0.1598188877105713, 0.1682298183441162, 0.17565560340881348, 0.1716609001159668, 0.11902022361755371], "test_accuracy": [0.7678571428571429, 0.7857142857142857, 0.7767857142857143, 0.8108108108108109, 0.7747747747747747], "test_balanced_accuracy": [0.7380952380952381, 0.7476190476190476, 0.7595238095238095, 0.7742160278745644, 0.7456445993031359], "test_f1": [0.7636986301369865, 0.7783783783783783, 0.776232589934205, 0.804862230990759, 0.7713454610006335], "test_recall (early)": [0.8571428571428571, 0.9, 0.8285714285714286, 0.9142857142857143, 0.8571428571428571], "test_recall (late)": [0.6190476190476191, 0.5952380952380952, 0.6904761904761905, 0.6341463414634146, 0.6341463414634146]}, "meth + rppa": {"fit_time": [68.15984511375427, 70.75572156906128, 67.52521085739136, 66.94706463813782, 38.45418381690979], "score_time": [0.1354670524597168, 0.1199941635131836, 0.11104702949523926, 0.14024591445922852, 0.07422971725463867], "test_accuracy": [0.75, 0.7857142857142857, 0.7946428571428571, 0.7837837837837838, 0.7747747747747747], "test_balanced_accuracy": [0.7142857142857142, 0.7523809523809524, 0.7785714285714286, 0.7527874564459931, 0.7456445993031359], "test_f1": [0.7435988620199147, 0.7802275960170696, 0.7941339827394687, 0.7796917321070169, 0.7713454610006335], "test_recall (early)": [0.8571428571428571, 0.8857142857142857, 0.8428571428571429, 0.8714285714285714, 0.8571428571428571], "test_recall (late)": [0.5714285714285714, 0.6190476190476191, 0.7142857142857143, 0.6341463414634146, 0.6341463414634146]}, "rna + rppa": {"fit_time": [63.861706256866455, 67.62060499191284, 63.5515022277832, 61.63662075996399, 35.337785959243774], "score_time": [0.17566823959350586, 0.1315770149230957, 0.11269068717956543, 0.11385488510131836, 0.09805059432983398], "test_accuracy": [0.7410714285714286, 0.7767857142857143, 0.7678571428571429, 0.8018018018018018, 0.7567567567567568], "test_balanced_accuracy": [0.7023809523809523, 0.7357142857142858, 0.7333333333333334, 0.7721254355400697, 0.7060975609756097], "test_f1": [0.7333557046979866, 0.7680985212737005, 0.7619132290184922, 0.798050754431432, 0.744176401465404], "test_recall (early)": [0.8571428571428571, 0.9, 0.8714285714285714, 0.8857142857142857, 0.9], "test_recall (late)": [0.5476190476190477, 0.5714285714285714, 0.5952380952380952, 0.6585365853658537, 0.5121951219512195]}, "rna + meth": {"fit_time": [80.27449011802673, 80.82316613197327, 78.57008361816406, 80.7785279750824, 43.7931809425354], "score_time": [0.15476083755493164, 0.11542201042175293, 0.19998598098754883, 0.11593008041381836, 0.08587932586669922], "test_accuracy": [0.7767857142857143, 0.7946428571428571, 0.7946428571428571, 0.7837837837837838, 0.7657657657657657], "test_balanced_accuracy": [0.7452380952380953, 0.7595238095238095, 0.7833333333333334, 0.7477351916376307, 0.7385017421602788], "test_f1": [0.7719542362399505, 0.7885234899328859, 0.7951121455776555, 0.7779401022644267, 0.763013013013013], "test_recall (early)": [0.8714285714285714, 0.9, 0.8285714285714286, 0.8857142857142857, 0.8428571428571429], "test_recall (late)": [0.6190476190476191, 0.6190476190476191, 0.7380952380952381, 0.6097560975609756, 0.6341463414634146]}}