{"rna": {"logistic": {"fit_time": [13.95274543762207, 61.876585245132446, 38.32728147506714, 25.73716902732849, 27.08688712120056], "score_time": [0.45410943031311035, 0.2810249328613281, 0.29141759872436523, 0.2906343936920166, 0.16798138618469238], "test_accuracy": [0.9459459459459459, 0.9659863945578231, 0.9931972789115646, 0.9591836734693877, 0.9659863945578231], "test_balanced_accuracy": [0.9449170900783804, 0.915908464295561, 0.991869918699187, 0.9695554402352534, 0.9822695035460992], "test_f1": [0.9465453859835883, 0.9650145772594753, 0.9931734758998998, 0.9596360749544914, 0.9668174842146072], "test_recall (KICH)": [0.9230769230769231, 0.7692307692307693, 1.0, 1.0, 1.0], "test_recall (KIRC)": [0.9354838709677419, 0.978494623655914, 1.0, 0.9574468085106383, 0.9468085106382979], "test_recall (KIRP)": [0.9761904761904762, 1.0, 0.975609756097561, 0.9512195121951219, 1.0]}, "balanced_random_forest": {"fit_time": [6.872166872024536, 6.879859447479248, 7.005016088485718, 7.112959861755371, 2.963041305541992], "score_time": [0.2932741641998291, 0.3006744384765625, 0.3994913101196289, 0.36240267753601074, 0.1642928123474121], "test_accuracy": [0.9324324324324325, 0.9591836734693877, 0.9727891156462585, 0.9319727891156463, 0.9727891156462585], "test_balanced_accuracy": [0.9598054275473631, 0.9343810311552248, 0.9720255267068799, 0.9507870610621, 0.9858156028368795], "test_f1": [0.9338517804565679, 0.9595174640262443, 0.9729420948060304, 0.9329180540287932, 0.9736681122597458], "test_recall (KICH)": [1.0, 0.8461538461538461, 1.0, 1.0, 1.0], "test_recall (KIRC)": [0.9032258064516129, 0.956989247311828, 0.989247311827957, 0.925531914893617, 0.9574468085106383], "test_recall (KIRP)": [0.9761904761904762, 1.0, 0.926829268292683, 0.926829268292683, 1.0]}, "deep_nn": {"fit_time": [20.546623945236206, 20.417764902114868, 22.093413829803467, 21.80528950691223, 11.82683777809143], "score_time": [0.31200718879699707, 0.3131539821624756, 0.3055102825164795, 0.3013601303100586, 0.16855978965759277], "test_accuracy": [0.9594594594594594, 0.9523809523809523, 0.9591836734693877, 0.9387755102040817, 0.9455782312925171], "test_balanced_accuracy": [0.9343810311552248, 0.8996483016939351, 0.964857067925518, 0.9543331603528801, 0.9473995271867612], "test_f1": [0.9592903179859702, 0.9521314317232684, 0.9593676929277837, 0.9393551336763404, 0.9466813959098204], "test_recall (KICH)": [0.8461538461538461, 0.7692307692307693, 1.0, 1.0, 0.9166666666666666], "test_recall (KIRC)": [0.956989247311828, 0.978494623655914, 0.967741935483871, 0.9361702127659575, 0.925531914893617], "test_recall (KIRP)": [1.0, 0.9512195121951219, 0.926829268292683, 0.926829268292683, 1.0]}, "svc": {"fit_time": [3.141857862472534, 3.244626045227051, 3.372884511947632, 3.07869815826416, 2.0250675678253174], "score_time": [0.817331075668335, 0.8550095558166504, 0.8012001514434814, 0.7193288803100586, 0.568371057510376], "test_accuracy": [0.9459459459459459, 0.9659863945578231, 0.9931972789115646, 0.9455782312925171, 0.9727891156462585], "test_balanced_accuracy": [0.9449170900783804, 0.915908464295561, 0.991869918699187, 0.9624632416536931, 0.9858156028368795], "test_f1": [0.9465453859835883, 0.9651575945693592, 0.9931734758998998, 0.9470762336893976, 0.9736681122597458], "test_recall (KICH)": [0.9230769230769231, 0.7692307692307693, 1.0, 1.0, 1.0], "test_recall (KIRC)": [0.9354838709677419, 0.978494623655914, 1.0, 0.9361702127659575, 0.9574468085106383], "test_recall (KIRP)": [0.9761904761904762, 1.0, 0.975609756097561, 0.9512195121951219, 1.0]}, "stacking": {"fit_time": [130.40846967697144, 231.669353723526, 202.56411838531494, 163.42465996742249, 118.10578775405884], "score_time": [2.269918918609619, 2.06219482421875, 2.3949778079986572, 1.5567524433135986, 0.9130511283874512], "test_accuracy": [0.9459459459459459, 0.9659863945578231, 0.9795918367346939, 0.9523809523809523, 0.9795918367346939], "test_balanced_accuracy": [0.9449170900783804, 0.915908464295561, 0.975609756097561, 0.9660093409444732, 0.9893617021276596], "test_f1": [0.9465453859835883, 0.9651575945693592, 0.9794026856535674, 0.9532759847434696, 0.9805601519887235], "test_recall (KICH)": [0.9230769230769231, 0.7692307692307693, 1.0, 1.0, 1.0], "test_recall (KIRC)": [0.9354838709677419, 0.978494623655914, 1.0, 0.9468085106382979, 0.9680851063829787], "test_recall (KIRP)": [0.9761904761904762, 1.0, 0.926829268292683, 0.9512195121951219, 1.0]}}, "cnv": {"logistic": {"fit_time": [34.84766483306885, 39.82030773162842, 25.50322914123535, 26.010371685028076, 15.111464977264404], "score_time": [0.10555315017700195, 0.08202266693115234, 0.07858848571777344, 0.07817745208740234, 0.04607558250427246], "test_accuracy": [0.8783783783783784, 0.8299319727891157, 0.8707482993197279, 0.8231292517006803, 0.9047619047619048], "test_balanced_accuracy": [0.8344952538500925, 0.7059923204691104, 0.7936680855642303, 0.7663466528282304, 0.8593236464279537], "test_f1": [0.8774607359973214, 0.8236036072770767, 0.8673166730309587, 0.8197712904744733, 0.9056442227104601], "test_recall (KICH)": [0.7692307692307693, 0.46153846153846156, 0.6923076923076923, 0.75, 0.75], "test_recall (KIRC)": [0.9247311827956989, 0.9247311827956989, 0.956989247311828, 0.9148936170212766, 0.925531914893617], "test_recall (KIRP)": [0.8095238095238095, 0.7317073170731707, 0.7317073170731707, 0.6341463414634146, 0.9024390243902439]}, "balanced_random_forest": {"fit_time": [2.0174198150634766, 1.9644217491149902, 1.9838604927062988, 2.003422737121582, 1.0723598003387451], "score_time": [0.10081648826599121, 0.10739016532897949, 0.10217976570129395, 0.1085963249206543, 0.06526899337768555], "test_accuracy": [0.8851351351351351, 0.8843537414965986, 0.8707482993197279, 0.9115646258503401, 0.8775510204081632], "test_balanced_accuracy": [0.877545393674426, 0.8281116558063842, 0.8955328262960048, 0.9447327451997923, 0.8693709277518308], "test_f1": [0.8877097664347299, 0.8877779758205047, 0.8723476243372322, 0.9128074265586931, 0.8803190241613887], "test_recall (KICH)": [0.8461538461538461, 0.6923076923076923, 1.0, 1.0, 0.8333333333333334], "test_recall (KIRC)": [0.8817204301075269, 0.9139784946236559, 0.8817204301075269, 0.8829787234042553, 0.8723404255319149], "test_recall (KIRP)": [0.9047619047619048, 0.8780487804878049, 0.8048780487804879, 0.9512195121951219, 0.9024390243902439]}, "deep_nn": {"fit_time": [15.831422805786133, 15.347270250320435, 18.44407081604004, 16.049636363983154, 6.661265850067139], "score_time": [0.09877395629882812, 0.09830045700073242, 0.11473608016967773, 0.19363069534301758, 0.049308061599731445], "test_accuracy": [0.8378378378378378, 0.8571428571428571, 0.8571428571428571, 0.8571428571428571, 0.8775510204081632], "test_balanced_accuracy": [0.6937059356414195, 0.756023590012575, 0.8663075712642984, 0.8312287378192931, 0.8556189817217321], "test_f1": [0.8281295086248647, 0.8529698916603679, 0.8588581178004043, 0.8563283208020049, 0.879065445373689], "test_recall (KICH)": [0.3076923076923077, 0.5384615384615384, 0.9230769230769231, 0.8333333333333334, 0.8333333333333334], "test_recall (KIRC)": [0.8924731182795699, 0.9247311827956989, 0.8709677419354839, 0.9042553191489362, 0.9042553191489362], "test_recall (KIRP)": [0.8809523809523809, 0.8048780487804879, 0.8048780487804879, 0.7560975609756098, 0.8292682926829268]}, "svc": {"fit_time": [1.196821689605713, 1.0741734504699707, 1.2186341285705566, 1.323075294494629, 0.7990095615386963], "score_time": [0.16546225547790527, 0.15557384490966797, 0.23652100563049316, 0.17654085159301758, 0.12563562393188477], "test_accuracy": [0.42567567567567566, 0.7210884353741497, 0.7619047619047619, 0.8163265306122449, 0.8571428571428571], "test_balanced_accuracy": [0.4939540745992359, 0.6616097426482951, 0.749285507743415, 0.6979617136596898, 0.8403967018393589], "test_f1": [0.43830601710734896, 0.7291075622589493, 0.7672392927208338, 0.8166048456622517, 0.8596991591667723],