{"rna": {"fit_time": [11.926364183425903, 12.537525415420532, 12.527368783950806, 12.193489789962769, 5.902809143066406], "score_time": [0.12949275970458984, 0.1329498291015625, 0.1405811309814453, 0.15578174591064453, 0.0856473445892334], "test_accuracy": [0.9256756756756757, 0.9591836734693877, 0.9795918367346939, 0.9591836734693877, 0.9387755102040817], "test_balanced_accuracy": [0.9298121233605103, 0.91232423490488, 0.975609756097561, 0.9695554402352534, 0.958917142362913], "test_f1": [0.9267662137275398, 0.9582118561710399, 0.9793663095135582, 0.9600416743273887, 0.9395588055675039], "test_recall (KICH)": [0.9230769230769231, 0.7692307692307693, 1.0, 1.0, 1.0], "test_recall (KIRC)": [0.9139784946236559, 0.967741935483871, 1.0, 0.9574468085106383, 0.925531914893617], "test_recall (KIRP)": [0.9523809523809523, 1.0, 0.926829268292683, 0.9512195121951219, 0.9512195121951219]}, "cnv": {"fit_time": [31.856241703033447, 34.57299876213074, 31.730356454849243, 28.99193263053894, 17.14884877204895], "score_time": [0.16103124618530273, 0.4025568962097168, 0.2730557918548584, 0.3256220817565918, 0.09035968780517578], "test_accuracy": [0.8581081081081081, 0.8775510204081632, 0.8979591836734694, 0.8571428571428571, 0.9115646258503401], "test_balanced_accuracy": [0.8193902871322226, 0.7933789263450947, 0.8787212437881203, 0.8128928097791617, 0.8720377097387995], "test_f1": [0.8582601048019778, 0.8747333024118739, 0.895687880415324, 0.8521326571537384, 0.9119429369321036], "test_recall (KICH)": [0.7692307692307693, 0.6153846153846154, 0.9230769230769231, 0.8333333333333334, 0.75], "test_recall (KIRC)": [0.9032258064516129, 0.9354838709677419, 0.956989247311828, 0.9468085106382979, 0.9148936170212766], "test_recall (KIRP)": [0.7857142857142857, 0.8292682926829268, 0.7560975609756098, 0.6585365853658537, 0.9512195121951219]}, "rppa": {"fit_time": [7.442823648452759, 7.436026096343994, 9.086679220199585, 9.01836371421814, 4.6347432136535645], "score_time": [0.06605672836303711, 0.07999110221862793, 0.07504773139953613, 0.06836175918579102, 0.044457435607910156], "test_accuracy": [0.9594594594594594, 0.9591836734693877, 0.9727891156462585, 0.9863945578231292, 0.9863945578231292], "test_balanced_accuracy": [0.9433809917680885, 0.9161976235146967, 0.9590604342767994, 0.9640921409214092, 0.983739837398374], "test_f1": [0.9594146552970083, 0.9585229994803667, 0.9729218431259249, 0.9862646691987124, 0.9862960973863231], "test_recall (KICH)": [0.9230769230769231, 0.8461538461538461, 0.9230769230769231, 0.9166666666666666, 1.0], "test_recall (KIRC)": [0.978494623655914, 1.0, 0.978494623655914, 1.0, 1.0], "test_recall (KIRP)": [0.9285714285714286, 0.9024390243902439, 0.975609756097561, 0.975609756097561, 0.9512195121951219]}}