{"rna": {"fit_time": [11.926364183425903, 12.537525415420532, 12.527368783950806, 12.193489789962769, 5.902809143066406], "score_time": [0.12949275970458984, 0.1329498291015625, 0.1405811309814453, 0.15578174591064453, 0.0856473445892334], "test_accuracy": [0.9256756756756757, 0.9591836734693877, 0.9795918367346939, 0.9591836734693877, 0.9387755102040817], "test_balanced_accuracy": [0.9298121233605103, 0.91232423490488, 0.975609756097561, 0.9695554402352534, 0.958917142362913], "test_f1": [0.9267662137275398, 0.9582118561710399, 0.9793663095135582, 0.9600416743273887, 0.9395588055675039], "test_recall (KICH)": [0.9230769230769231, 0.7692307692307693, 1.0, 1.0, 1.0], "test_recall (KIRC)": [0.9139784946236559, 0.967741935483871, 1.0, 0.9574468085106383, 0.925531914893617], "test_recall (KIRP)": [0.9523809523809523, 1.0, 0.926829268292683, 0.9512195121951219, 0.9512195121951219]}, "cnv": {"fit_time": [31.856241703033447, 34.57299876213074, 31.730356454849243, 28.99193263053894, 17.14884877204895], "score_time": [0.16103124618530273, 0.4025568962097168, 0.2730557918548584, 0.3256220817565918, 0.09035968780517578], "test_accuracy": [0.8581081081081081, 0.8775510204081632, 0.8979591836734694, 0.8571428571428571, 0.9115646258503401], "test_balanced_accuracy": [0.8193902871322226, 0.7933789263450947, 0.8787212437881203, 0.8128928097791617, 0.8720377097387995], "test_f1": [0.8582601048019778, 0.8747333024118739, 0.895687880415324, 0.8521326571537384, 0.9119429369321036], "test_recall (KICH)": [0.7692307692307693, 0.6153846153846154, 0.9230769230769231, 0.8333333333333334, 0.75], "test_recall (KIRC)": [0.9032258064516129, 0.9354838709677419, 0.956989247311828, 0.9468085106382979, 0.9148936170212766], "test_recall (KIRP)": [0.7857142857142857, 0.8292682926829268, 0.7560975609756098, 0.6585365853658537, 0.9512195121951219]}, "rppa": {"fit_time": [7.442823648452759, 7.436026096343994, 9.086679220199585, 9.01836371421814, 4.6347432136535645], "score_time": [0.06605672836303711, 0.07999110221862793, 0.07504773139953613, 0.06836175918579102, 0.044457435607910156], "test_accuracy": [0.9594594594594594, 0.9591836734693877, 0.9727891156462585, 0.9863945578231292, 0.9863945578231292], "test_balanced_accuracy": [0.9433809917680885, 0.9161976235146967, 0.9590604342767994, 0.9640921409214092, 0.983739837398374], "test_f1": [0.9594146552970083, 0.9585229994803667, 0.9729218431259249, 0.9862646691987124, 0.9862960973863231], "test_recall (KICH)": [0.9230769230769231, 0.8461538461538461, 0.9230769230769231, 0.9166666666666666, 1.0], "test_recall (KIRC)": [0.978494623655914, 1.0, 0.978494623655914, 1.0, 1.0], "test_recall (KIRP)": [0.9285714285714286, 0.9024390243902439, 0.975609756097561, 0.975609756097561, 0.9512195121951219]}, "rna + cnv + rppa": {"fit_time": [178.02992129325867, 189.59247636795044, 171.86175346374512, 168.44713163375854, 96.96054887771606], "score_time": [0.1943504810333252, 0.19858384132385254, 0.18996787071228027, 0.38776350021362305, 0.1431889533996582], "test_accuracy": [0.9594594594594594, 0.9591836734693877, 0.9931972789115646, 0.9795918367346939, 0.9795918367346939], "test_balanced_accuracy": [0.9564378274055695, 0.903232531084616, 0.991869918699187, 0.9801937381075939, 0.9893617021276596], "test_f1": [0.9598278065693796, 0.9583094641365317, 0.9931734758998998, 0.9795198502681495, 0.9805601519887235], "test_recall (KICH)": [0.9230769230769231, 0.7692307692307693, 1.0, 1.0, 1.0], "test_recall (KIRC)": [0.946236559139785, 0.989247311827957, 1.0, 0.9893617021276596, 0.9680851063829787], "test_recall (KIRP)": [1.0, 0.9512195121951219, 0.975609756097561, 0.9512195121951219, 1.0]}, "cnv + rppa": {"fit_time": [130.73490262031555, 135.677152633667, 128.1104998588562, 122.24993944168091, 73.24372291564941], "score_time": [0.12656450271606445, 0.12369585037231445, 0.19072532653808594, 0.23930978775024414, 0.08993124961853027], "test_accuracy": [0.9662162162162162, 0.9591836734693877, 0.9727891156462585, 0.9931972789115646, 0.9931972789115646], "test_balanced_accuracy": [0.9690220174091143, 0.9161976235146967, 0.981117230527144, 0.991869918699187, 0.991869918699187], "test_f1": [0.9661030304191183, 0.9585229994803667, 0.972965169504655, 0.9931732834227164, 0.9931732834227164], "test_recall (KICH)": [1.0, 0.8461538461538461, 1.0, 1.0, 1.0], "test_recall (KIRC)": [0.978494623655914, 1.0, 0.967741935483871, 1.0, 1.0], "test_recall (KIRP)": [0.9285714285714286, 0.9024390243902439, 0.975609756097561, 0.975609756097561, 0.975609756097561]}, "rna + rppa": {"fit_time": [63.767428159713745, 66.5790684223175, 69.98453330993652, 69.48308753967285, 38.857922077178955], "score_time": [0.11378645896911621, 0.14721083641052246, 0.12411880493164062, 0.12076807022094727, 0.08839893341064453], "test_accuracy": [0.9527027027027027, 0.9659863945578231, 0.9931972789115646, 0.9863945578231292, 0.9931972789115646], "test_balanced_accuracy": [0.9485013194690614, 0.911362612385429, 0.991869918699187, 0.983739837398374, 0.991869918699187], "test_f1": [0.9531012607242115, 0.9650805648538072, 0.9931734758998998, 0.9863785408343231, 0.9931732834227164], "test_recall (KICH)": [0.9230769230769231, 0.7692307692307693, 1.0, 1.0, 1.0], "test_recall (KIRC)": [0.946236559139785, 0.989247311827957, 1.0, 1.0, 1.0], "test_recall (KIRP)": [0.9761904761904762, 0.975609756097561, 0.975609756097561, 0.9512195121951219, 0.975609756097561]}, "rna + cnv": {"fit_time": [134.3716516494751, 139.32797980308533, 135.68118000030518, 132.39715957641602, 74.73169493675232], "score_time": [0.14211058616638184, 0.1598377227783203, 0.1401805877685547, 0.13949942588806152, 0.09161520004272461], "test_accuracy": [0.9256756756756757, 0.9591836734693877, 0.9795918367346939, 0.9523809523809523, 0.9455782312925171], "test_balanced_accuracy": [0.9298121233605103, 0.91232423490488, 0.975609756097561, 0.9614253589344405, 0.9624632416536931], "test_f1": [0.9267662137275398, 0.9582118561710399, 0.9793663095135582, 0.9530853360858481, 0.9463253784139811], "test_recall (KICH)": [0.9230769230769231, 0.7692307692307693, 1.0, 1.0, 1.0], "test_recall (KIRC)": [0.9139784946236559, 0.967741935483871, 1.0, 0.9574468085106383, 0.9361702127659575], "test_recall (KIRP)": [0.9523809523809523, 1.0, 0.926829268292683, 0.926829268292683, 0.9512195121951219]}}