{
  "rna + cnv + rppa": {
    "fit_time": [
      1413.7740111351013, 1428.025237083435, 1438.757243156433,
      1390.7621400356293, 1325.9761719703674
    ],
    "score_time": [
      3.414278984069824, 2.13683819770813, 1.7912099361419678,
      4.1928160190582275, 4.646200895309448
    ],
    "test_accuracy": [
      0.777027027027027, 0.6666666666666666, 0.7414965986394558,
      0.7687074829931972, 0.7959183673469388
    ],
    "test_balanced_accuracy": [
      0.7472826086956521, 0.6404367469879518, 0.7144517628826036,
      0.7375257731958763, 0.7214285714285715
    ],
    "test_f1": [
      0.7724843410743103, 0.6504409171075838, 0.7361781324332222,
      0.7675274191309177, 0.7889218458991517
    ],
    "test_recall (early)": [
      0.8695652173913043, 0.8433734939759037, 0.8426966292134831,
      0.8350515463917526, 0.8952380952380953
    ],
    "test_recall (late)": [
      0.625, 0.4375, 0.5862068965517241, 0.64, 0.5476190476190477
    ]
  },
  "cnv + rppa": {
    "fit_time": [
      338.62985277175903, 350.3230712413788, 347.1293590068817,
      389.05043721199036, 415.7536838054657
    ],
    "score_time": [
      0.6058931350708008, 0.40479373931884766, 0.47138214111328125,
      0.27956080436706543, 0.23695015907287598
    ],
    "test_accuracy": [
      0.7094594594594594, 0.6462585034013606, 0.7006802721088435,
      0.7142857142857143, 0.7346938775510204
    ],
    "test_balanced_accuracy": [
      0.6754658385093167, 0.6098456325301205, 0.6627276249515691,
      0.6429896907216495, 0.65
    ],
    "test_f1": [
      0.7035402020059195, 0.61235200463164, 0.6890777754400729,
      0.6979591836734694, 0.7269136393560356
    ],
    "test_recall (early)": [
      0.8152173913043478, 0.891566265060241, 0.8426966292134831,
      0.865979381443299, 0.8476190476190476
    ],
    "test_recall (late)": [
      0.5357142857142857, 0.328125, 0.4827586206896552, 0.42, 0.4523809523809524
    ]
  },
  "rna + rppa": {
    "fit_time": [
      815.2203290462494, 828.2774877548218, 840.2349359989166,
      792.4564137458801, 730.4786469936371
    ],
    "score_time": [
      2.193047046661377, 1.9964401721954346, 1.5411760807037354,
      2.6833839416503906, 3.542649745941162
    ],
    "test_accuracy": [
      0.7972972972972973, 0.6802721088435374, 0.7346938775510204,
      0.7619047619047619, 0.7959183673469388
    ],
    "test_balanced_accuracy": [
      0.7635869565217391, 0.6524849397590362, 0.7058310732274312,
      0.7323711340206185, 0.7214285714285715
    ],
    "test_f1": [
      0.7913403199117486, 0.6623947805117066, 0.7285174387215203,
      0.7613127613127613, 0.7889218458991517
    ],
    "test_recall (early)": [
      0.9021739130434783, 0.8674698795180723, 0.8426966292134831,
      0.8247422680412371, 0.8952380952380953
    ],
    "test_recall (late)": [
      0.625, 0.4375, 0.5689655172413793, 0.64, 0.5476190476190477
    ]
  },
  "rna + cnv": {
    "fit_time": [
      1385.3367021083832, 1405.212111711502, 1424.2898800373077,
      1344.0087532997131, 1243.8352589607239
    ],
    "score_time": [
      4.887784004211426, 3.914076328277588, 3.54730486869812, 5.353883743286133,
      7.033869981765747
    ],
    "test_accuracy": [
      0.7567567567567568, 0.6870748299319728, 0.7346938775510204,
      0.7482993197278912, 0.782312925170068
    ],
    "test_balanced_accuracy": [
      0.7309782608695652, 0.6674510542168675, 0.7118364974815963,
      0.7123711340206185, 0.6904761904761905
    ],
    "test_f1": [
      0.7537131968115087, 0.6784779846004336, 0.7311941786384776,
      0.7463235438086481, 0.77005577005577
    ],
    "test_recall (early)": [
      0.8369565217391305, 0.8192771084337349, 0.8202247191011236,
      0.8247422680412371, 0.9047619047619048
    ],
    "test_recall (late)": [
      0.625, 0.515625, 0.603448275862069, 0.6, 0.47619047619047616
    ]
  }
}
