{"cnv + rppa": {"fit_time": [520.6130411624908, 523.4508814811707, 443.5184941291809, 546.5556447505951, 491.9598126411438, 523.852855682373, 469.77032494544983, 502.9040513038635, 468.0634994506836, 466.62140250205994, 476.30301666259766, 483.32568740844727, 437.4965035915375, 453.648295879364, 338.2806885242462], "score_time": [0.30301618576049805, 0.24883294105529785, 0.2848362922668457, 0.27400994300842285, 0.28458356857299805, 0.4475553035736084, 0.5636937618255615, 0.5148038864135742, 0.2532234191894531, 0.25078558921813965, 0.24350595474243164, 0.5666942596435547, 0.2612004280090332, 0.38773560523986816, 0.15439224243164062], "test_accuracy": [0.918918918918919, 0.9659863945578231, 0.9795918367346939, 0.9387755102040817, 0.9659863945578231, 0.918918918918919, 0.9659863945578231, 0.9387755102040817, 0.9387755102040817, 0.9727891156462585, 0.9662162162162162, 0.9319727891156463, 0.9319727891156463, 0.9727891156462585, 0.9523809523809523], "test_balanced_accuracy": [0.8954665406278309, 0.9288735567256418, 0.975609756097561, 0.9392694458859482, 0.9488698610390358, 0.8777620229233133, 0.968441297316199, 0.8567854909318324, 0.9104537853889177, 0.9858156028368795, 0.9072039072039072, 0.8973148540418406, 0.8713846691816794, 0.9720636568067809, 0.922129965980511], "test_f1": [0.918918918918919, 0.9655634740668754, 0.9793663095135582, 0.9396465123987778, 0.9659284923999506, 0.918918918918919, 0.965867379499499, 0.9365749920731214, 0.9388796004610354, 0.9731786009514494, 0.9651716392456927, 0.9315819944999276, 0.9305960479429867, 0.9729788949628785, 0.952318094138076], "test_recall (KICH)": [0.8461538461538461, 0.8461538461538461, 1.0, 0.9166666666666666, 0.9166666666666666, 0.7692307692307693, 1.0, 0.6923076923076923, 0.8333333333333334, 1.0, 0.7692307692307693, 0.8461538461538461, 0.6923076923076923, 1.0, 0.8333333333333334], "test_recall (KIRC)": [0.9354838709677419, 0.989247311827957, 1.0, 0.925531914893617, 0.9787234042553191, 0.9354838709677419, 0.978494623655914, 1.0, 0.9468085106382979, 0.9574468085106383, 1.0, 0.967741935483871, 0.946236559139785, 0.9893617021276596, 0.9574468085106383], "test_recall (KIRP)": [0.9047619047619048, 0.9512195121951219, 0.926829268292683, 0.975609756097561, 0.9512195121951219, 0.9285714285714286, 0.926829268292683, 0.8780487804878049, 0.9512195121951219, 1.0, 0.9523809523809523, 0.8780487804878049, 0.975609756097561, 0.926829268292683, 0.975609756097561]}, "rppa": {"fit_time": [9.141163349151611, 9.086158514022827, 7.332026243209839, 7.371245622634888, 9.100764751434326, 9.445347785949707, 8.608418464660645, 8.469913721084595, 8.166743278503418, 8.08011245727539, 9.013180494308472, 9.172269821166992, 7.794113874435425, 7.6195409297943115, 5.949978590011597], "score_time": [0.06811094284057617, 0.062125444412231445, 0.06779813766479492, 0.0679011344909668, 0.06654095649719238, 0.08270621299743652, 0.13620877265930176, 0.11876535415649414, 0.06962943077087402, 0.07411456108093262, 0.06530928611755371, 0.08716297149658203, 0.06778144836425781, 0.06958460807800293, 0.04286909103393555], "test_accuracy": [0.8851351351351351, 0.9659863945578231, 0.9387755102040817, 0.9183673469387755, 0.9319727891156463, 0.8986486486486487, 0.9455782312925171, 0.9115646258503401, 0.9319727891156463, 0.9727891156462585, 0.9054054054054054, 0.891156462585034, 0.8979591836734694, 0.9591836734693877, 0.9319727891156463], "test_balanced_accuracy": [0.7983181692859113, 0.8893058161350845, 0.9184100277727344, 0.8860635414864787, 0.888571758058006, 0.8054866280672733, 0.957688609144156, 0.789243277048155, 0.8780920256011071, 0.9327682638528513, 0.8047185789121274, 0.8310234218967499, 0.8177691702475337, 0.93615579772819, 0.9265553825751023], "test_f1": [0.8821562966640688, 0.9637991081600105, 0.9380308048969231, 0.9181785632913452, 0.9311442525728241, 0.8952764577764577, 0.945768369459585, 0.9061471861471863, 0.9310939686879536, 0.9723994497730079, 0.9011895440466869, 0.888250479679051, 0.8957290014520124, 0.9591612443070933, 0.9325324157977218], "test_recall (KICH)": [0.6153846153846154, 0.6923076923076923, 0.9230769230769231, 0.8333333333333334, 0.8333333333333334, 0.6153846153846154, 1.0, 0.5384615384615384, 0.75, 0.8333333333333334, 0.6153846153846154, 0.7692307692307693, 0.6153846153846154, 0.9166666666666666, 0.9166666666666666], "test_recall (KIRC)": [0.946236559139785, 1.0, 0.978494623655914, 0.9468085106382979, 0.9787234042553191, 0.967741935483871, 0.946236559139785, 1.0, 0.9574468085106383, 0.9893617021276596, 0.989247311827957, 0.967741935483871, 0.9354838709677419, 0.9893617021276596, 0.9361702127659575], "test_recall (KIRP)": [0.8333333333333334, 0.975609756097561, 0.8536585365853658, 0.8780487804878049, 0.8536585365853658, 0.8333333333333334, 0.926829268292683, 0.8292682926829268, 0.926829268292683, 0.975609756097561, 0.8095238095238095, 0.7560975609756098, 0.9024390243902439, 0.9024390243902439, 0.926829268292683]}, "rna + rppa": {"fit_time": [491.19050669670105, 444.8304626941681, 504.6574113368988, 462.6637213230133, 398.38868403434753, 396.96117520332336, 419.3233335018158, 509.5868546962738, 470.5242462158203, 506.05564975738525, 516.4313626289368, 499.60302686691284, 412.51369524002075, 518.5444431304932, 355.5492341518402], "score_time": [0.8600454330444336, 0.7236981391906738, 1.129180669784546, 1.0604100227355957, 0.8540024757385254, 0.8790459632873535, 0.7120022773742676, 0.8183317184448242, 0.8272984027862549, 0.7719144821166992, 0.7492978572845459, 0.9882931709289551, 0.7416348457336426, 0.7243084907531738, 0.49466705322265625], "test_accuracy": [0.972972972972973, 0.9727891156462585, 0.9931972789115646, 0.9795918367346939, 0.9659863945578231, 0.9459459459459459, 0.9795918367346939, 0.9795918367346939, 0.9931972789115646, 0.9863945578231292, 0.9527027027027027, 0.9795918367346939, 0.9795918367346939, 0.9931972789115646, 0.9727891156462585], "test_balanced_accuracy": [0.9328449328449328, 0.9765713786170119, 0.996415770609319, 0.9651300236406618, 0.9776855215360665, 0.9362125329867266, 0.984701459917825, 0.9451337193272678, 0.9964539007092199, 0.9883238194084069, 0.9220922446728897, 0.975609756097561, 0.9671905155776125, 0.9964539007092199, 0.9569999423398489], "test_f1": [0.9725296059859603, 0.9731049562682216, 0.9932198734264139, 0.9795513537619076, 0.9661706020889694, 0.947269537243752, 0.9796596202792415, 0.9791204908396365, 0.993220070065266, 0.9863945578231292, 0.9527070560025911, 0.9793663095135582, 0.9797419837500219, 0.9933151442395138, 0.9728574891073627], "test_recall (KICH)": [0.8461538461538461, 1.0, 1.0, 0.9166666666666666, 1.0, 0.9230769230769231, 1.0, 0.8461538461538461, 1.0, 1.0, 0.8461538461538461, 1.0, 0.9230769230769231, 1.0, 0.9166666666666666], "test_recall (KIRC)": [1.0, 0.978494623655914, 0.989247311827957, 0.9787234042553191, 0.9574468085106383, 0.956989247311828, 0.978494623655914, 0.989247311827957, 0.9893617021276596, 0.9893617021276596, 0.967741935483871, 1.0, 0.978494623655914, 0.9893617021276596, 0.9787234042553191], "test_recall (KIRP)": [0.9523809523809523, 0.9512195121951219, 1.0, 1.0, 0.975609756097561, 0.9285714285714286, 0.975609756097561, 1.0, 1.0, 0.975609756097561, 0.9523809523809523, 0.926829268292683, 1.0, 1.0, 0.975609756097561]}, "rna": {"fit_time": [189.58905029296875, 177.64350080490112, 203.8773169517517, 193.02409315109253, 150.08540678024292, 149.6947786808014, 156.4201488494873, 224.09911155700684, 194.17690110206604, 221.98180770874023, 208.29537510871887, 243.47738933563232, 167.74433064460754, 192.7479465007782, 168.04819202423096], "score_time": [3.2011117935180664, 2.2569446563720703, 1.657810926437378, 1.8148736953735352, 1.7890794277191162, 1.8198847770690918, 1.6856861114501953, 2.2913949489593506, 3.3552894592285156, 3.7646303176879883, 1.9173412322998047, 2.3859081268310547, 3.1613473892211914, 2.735759735107422, 0.924060583114624],