{"rna": {"logistic": {"fit_time": [0.9367053508758545, 1.9807770252227783, 2.2926790714263916, 2.6574020385742188, 1.6415529251098633], "score_time": [0.03244495391845703, 0.1006782054901123, 0.18488311767578125, 0.048418283462524414, 0.02490830421447754], "test_accuracy": [0.9256756756756757, 0.9591836734693877, 0.9863945578231292, 0.9455782312925171, 0.9387755102040817], "test_balanced_accuracy": [0.9298121233605103, 0.91232423490488, 0.983739837398374, 0.9578792596436602, 0.958917142362913], "test_f1": [0.9267662137275398, 0.9582118561710399, 0.9862968591691997, 0.9463259177544892, 0.9395588055675039], "test_recall (KICH)": [0.9230769230769231, 0.7692307692307693, 1.0, 1.0, 1.0], "test_recall (KIRC)": [0.9139784946236559, 0.967741935483871, 1.0, 0.9468085106382979, 0.925531914893617], "test_recall (KIRP)": [0.9523809523809523, 1.0, 0.9512195121951219, 0.926829268292683, 0.9512195121951219]}, "balanced_random_forest": {"fit_time": [1.4722111225128174, 1.3971669673919678, 0.8954629898071289, 1.0049028396606445, 0.6704654693603516], "score_time": [0.1083531379699707, 0.1005091667175293, 0.0823049545288086, 0.06523847579956055, 0.051992177963256836], "test_accuracy": [0.9391891891891891, 0.9523809523809523, 0.9659863945578231, 0.9455782312925171, 0.9591836734693877], "test_balanced_accuracy": [0.9633896569380441, 0.9262509498544117, 0.968441297316199, 0.9624632416536931, 0.9741394222452863], "test_f1": [0.9403390283278551, 0.9524830636188223, 0.9666544924386168, 0.9465473933523448, 0.9599967453368636], "test_recall (KICH)": [1.0, 0.8461538461538461, 1.0, 1.0, 1.0], "test_recall (KIRC)": [0.9139784946236559, 0.956989247311828, 0.978494623655914, 0.9361702127659575, 0.9468085106382979], "test_recall (KIRP)": [0.9761904761904762, 0.975609756097561, 0.926829268292683, 0.9512195121951219, 0.975609756097561]}, "deep_nn": {"fit_time": [1.0123589038848877, 1.1444237232208252, 1.1590006351470947, 1.076256513595581, 0.6917898654937744], "score_time": [0.030376911163330078, 0.028702974319458008, 0.028298139572143555, 0.02672553062438965, 0.01839923858642578], "test_accuracy": [0.9256756756756757, 0.9591836734693877, 0.9727891156462585, 0.9523809523809523, 0.9319727891156463], "test_balanced_accuracy": [0.9298121233605103, 0.91232423490488, 0.9720255267068799, 0.9660093409444732, 0.9553710430721328], "test_f1": [0.9267662137275398, 0.9585348126443026, 0.9726295231897473, 0.9532759847434696, 0.9328255844462328], "test_recall (KICH)": [0.9230769230769231, 0.7692307692307693, 1.0, 1.0, 1.0], "test_recall (KIRC)": [0.9139784946236559, 0.967741935483871, 0.989247311827957, 0.9468085106382979, 0.9148936170212766], "test_recall (KIRP)": [0.9523809523809523, 1.0, 0.926829268292683, 0.9512195121951219, 0.9512195121951219]}, "svc": {"fit_time": [0.11254334449768066, 0.14353299140930176, 0.12488245964050293, 0.11621618270874023, 0.07822632789611816], "score_time": [0.043895721435546875, 0.0429837703704834, 0.038390398025512695, 0.03502464294433594, 0.022252321243286133], "test_accuracy": [0.9256756756756757, 0.9523809523809523, 0.9863945578231292, 0.9523809523809523, 0.9455782312925171], "test_balanced_accuracy": [0.9298121233605103, 0.9087400055141991, 0.983739837398374, 0.9614253589344405, 0.9624632416536931], "test_f1": [0.9267662137275398, 0.9514786094618026, 0.9862968591691997, 0.9530853360858481, 0.9463253784139811], "test_recall (KICH)": [0.9230769230769231, 0.7692307692307693, 1.0, 1.0, 1.0], "test_recall (KIRC)": [0.9139784946236559, 0.956989247311828, 1.0, 0.9574468085106383, 0.9361702127659575], "test_recall (KIRP)": [0.9523809523809523, 1.0, 0.9512195121951219, 0.926829268292683, 0.9512195121951219]}, "stacking": {"fit_time": [11.926364183425903, 12.537525415420532, 12.527368783950806, 12.193489789962769, 5.902809143066406], "score_time": [0.12949275970458984, 0.1329498291015625, 0.1405811309814453, 0.15578174591064453, 0.0856473445892334], "test_accuracy": [0.9256756756756757, 0.9591836734693877, 0.9795918367346939, 0.9591836734693877, 0.9387755102040817], "test_balanced_accuracy": [0.9298121233605103, 0.91232423490488, 0.975609756097561, 0.9695554402352534, 0.958917142362913], "test_f1": [0.9267662137275398, 0.9582118561710399, 0.9793663095135582, 0.9600416743273887, 0.9395588055675039], "test_recall (KICH)": [0.9230769230769231, 0.7692307692307693, 1.0, 1.0, 1.0], "test_recall (KIRC)": [0.9139784946236559, 0.967741935483871, 1.0, 0.9574468085106383, 0.925531914893617], "test_recall (KIRP)": [0.9523809523809523, 1.0, 0.926829268292683, 0.9512195121951219, 0.9512195121951219]}}, "cnv": {"logistic": {"fit_time": [2.1605920791625977, 2.1853830814361572, 1.7642488479614258, 2.024244546890259, 1.2804155349731445], "score_time": [0.025701045989990234, 0.03176403045654297, 0.02725386619567871, 0.029300928115844727, 0.026947736740112305], "test_accuracy": [0.8581081081081081, 0.8231292517006803, 0.8843537414965986, 0.8571428571428571, 0.891156462585034], "test_balanced_accuracy": [0.801685769427705, 0.7160456468088254, 0.8274391925060689, 0.8128928097791617, 0.8234157873493628], "test_f1": [0.8570309439874657, 0.8195987849936386, 0.8817574222565233, 0.8528189875128651, 0.8910484828852177], "test_recall (KICH)": [0.6923076923076923, 0.46153846153846156, 0.7692307692307693, 0.8333333333333334, 0.6666666666666666], "test_recall (KIRC)": [0.9032258064516129, 0.8817204301075269, 0.956989247311828, 0.9468085106382979, 0.925531914893617], "test_recall (KIRP)": [0.8095238095238095, 0.8048780487804879, 0.7560975609756098, 0.6585365853658537, 0.8780487804878049]}, "balanced_random_forest": {"fit_time": [1.5461349487304688, 1.3397352695465088, 1.4137344360351562, 1.563002109527588, 0.8508210182189941], "score_time": [0.09691715240478516, 0.14791107177734375, 0.1292095184326172, 0.06451773643493652, 0.05014848709106445], "test_accuracy": [0.8513513513513513, 0.8639455782312925, 0.891156462585034, 0.8571428571428571, 0.8707482993197279], "test_balanced_accuracy": [0.8773287644255386, 0.8082672638140772, 0.9062855144680478, 0.8508764342962577, 0.8658248284610505], "test_f1": [0.8552816882217972, 0.8655166666504536, 0.8905329045629601, 0.8560772191186381, 0.8754776497752568], "test_recall (KICH)": [0.9230769230769231, 0.6923076923076923, 1.0, 0.9166666666666666, 0.8333333333333334], "test_recall (KIRC)": [0.8279569892473119, 0.9032258064516129, 0.9139784946236559, 0.9042553191489362, 0.8617021276595744], "test_recall (KIRP)": [0.8809523809523809, 0.8292682926829268, 0.8048780487804879, 0.7317073170731707, 0.9024390243902439]}, "deep_nn": {"fit_time": [4.072169065475464, 5.438318490982056, 5.595076560974121, 5.765608072280884, 5.153933048248291], "score_time": [0.02780628204345703, 0.0281980037689209, 0.029334306716918945, 0.050652503967285156, 0.016608476638793945], "test_accuracy": [0.8243243243243243, 0.8163265306122449, 0.8367346938775511, 0.8299319727891157, 0.8299319727891157], "test_balanced_accuracy": [0.7576509511993382, 0.716334806027961, 0.7978037348611698, 0.756140806088912, 0.8019806261892407], "test_f1": [0.8208475581893303, 0.8115919385284237, 0.8353135586218294, 0.8197211389518678, 0.8317082207942901], "test_recall (KICH)": [0.6923076923076923, 0.5384615384615384, 0.7692307692307693, 0.75, 0.75], "test_recall (KIRC)": [0.9139784946236559, 0.9032258064516129, 0.8924731182795699, 0.9574468085106383, 0.851063829787234], "test_recall (KIRP)": [0.6666666666666666, 0.7073170731707317, 0.7317073170731707, 0.5609756097560976, 0.8048780487804879]}, "svc": {"fit_time": [0.18070673942565918, 0.17230629920959473, 0.17304587364196777, 0.2078995704650879, 0.10660433769226074], "score_time": [0.053704261779785156, 0.05325508117675781, 0.047654151916503906, 0.04252219200134277, 0.03146100044250488], "test_accuracy": [0.7162162162162162, 0.6394557823129252, 0.7755102040816326, 0.7142857142857143, 0.8095238095238095], "test_balanced_accuracy": [0.7528260270195754, 0.6763501381912084, 0.8187509666659943, 0.7626564031597763, 0.785446577870034],