{"rna": {"fit_time": [12.088714599609375, 11.720951080322266, 12.263892650604248, 11.17303729057312, 9.973535537719727, 9.448041915893555, 13.400406837463379, 13.680574655532837, 12.443183183670044, 11.756204843521118, 11.518808603286743, 12.052857160568237, 11.928275346755981, 11.703379154205322, 5.9684739112854], "score_time": [0.12456822395324707, 0.14651131629943848, 0.16246867179870605, 0.18029093742370605, 0.12173628807067871, 0.16070008277893066, 0.12300586700439453, 0.16283822059631348, 0.12949466705322266, 0.11867547035217285, 0.12790226936340332, 0.1553480625152588, 0.12575268745422363, 0.12849855422973633, 0.07486391067504883], "test_accuracy": [0.9594594594594594, 0.9659863945578231, 0.9863945578231292, 0.9523809523809523, 0.9387755102040817, 0.9054054054054054, 0.9727891156462585, 0.9727891156462585, 0.9795918367346939, 0.9659863945578231, 0.9324324324324325, 0.9727891156462585, 0.9727891156462585, 0.9863945578231292, 0.9523809523809523], "test_balanced_accuracy": [0.9213241955177439, 0.972987149226331, 0.992831541218638, 0.975177304964539, 0.9346854638759153, 0.9060025995509866, 0.9765713786170119, 0.9415494899365867, 0.9893617021276596, 0.9731015395260335, 0.9113395565008467, 0.981117230527144, 0.9590604342767994, 0.9929078014184397, 0.9463616444675086], "test_f1": [0.9589935410378285, 0.9662543982271873, 0.986487571766576, 0.9529608307606837, 0.9391194315564062, 0.9066990435144593, 0.9727891156462585, 0.972384191771947, 0.9797865091982738, 0.9662927590098459, 0.9325366190254967, 0.9728901474642201, 0.9727760019670518, 0.9864984449538333, 0.9529457000191381], "test_recall (KICH)": [0.8461538461538461, 1.0, 1.0, 1.0, 0.9166666666666666, 0.9230769230769231, 1.0, 0.8461538461538461, 1.0, 1.0, 0.8461538461538461, 1.0, 0.9230769230769231, 1.0, 0.9166666666666666], "test_recall (KIRC)": [0.989247311827957, 0.967741935483871, 0.978494623655914, 0.925531914893617, 0.9361702127659575, 0.9139784946236559, 0.978494623655914, 0.978494623655914, 0.9680851063829787, 0.9680851063829787, 0.9354838709677419, 0.967741935483871, 0.978494623655914, 0.9787234042553191, 0.9468085106382979], "test_recall (KIRP)": [0.9285714285714286, 0.9512195121951219, 1.0, 1.0, 0.9512195121951219, 0.8809523809523809, 0.9512195121951219, 1.0, 1.0, 0.9512195121951219, 0.9523809523809523, 0.975609756097561, 0.975609756097561, 1.0, 0.975609756097561]}, "cnv": {"fit_time": [57.93104529380798, 58.710901975631714, 36.24205255508423, 35.60303282737732, 33.07123923301697, 32.34169602394104, 31.104573726654053, 36.05296039581299, 36.76376461982727, 36.315730810165405, 29.156333923339844, 32.68193459510803, 34.661097049713135, 32.398289918899536, 22.204766273498535], "score_time": [0.2282247543334961, 0.3265039920806885, 0.13496780395507812, 0.13340544700622559, 0.35091447830200195, 0.2374267578125, 0.24660897254943848, 0.5501067638397217, 0.21354007720947266, 0.13114166259765625, 0.1295948028564453, 0.22993707656860352, 0.1296076774597168, 0.22252750396728516, 0.12436795234680176], "test_accuracy": [0.9054054054054054, 0.8707482993197279, 0.891156462585034, 0.8843537414965986, 0.9115646258503401, 0.831081081081081, 0.9183673469387755, 0.9047619047619048, 0.8979591836734694, 0.9183673469387755, 0.8716216216216216, 0.8979591836734694, 0.8843537414965986, 0.8843537414965986, 0.8775510204081632], "test_balanced_accuracy": [0.8575367285044705, 0.8157248818145749, 0.8933204220379672, 0.8591650810125122, 0.8582857637087008, 0.7832919768403639, 0.8589978951898699, 0.8693403807487208, 0.8223779046301102, 0.9057112379634434, 0.8045019496632398, 0.8657561513580397, 0.7969631557357757, 0.8454131349824138, 0.8464510177016663], "test_f1": [0.9046314269385044, 0.8682795352071283, 0.8914755937879488, 0.8844881162341479, 0.910757413013052, 0.8272765072765073, 0.9167317191448403, 0.903589961625676, 0.8960979543099782, 0.9180426654339283, 0.8694808593272225, 0.8969818990485485, 0.8815280102134413, 0.8822263893529012, 0.8764453910347849], "test_recall (KICH)": [0.7692307692307693, 0.7692307692307693, 0.9230769230769231, 0.8333333333333334, 0.75, 0.7692307692307693, 0.7692307692307693, 0.8461538461538461, 0.6666666666666666, 0.9166666666666666, 0.6923076923076923, 0.8461538461538461, 0.6153846153846154, 0.8333333333333334, 0.8333333333333334], "test_recall (KIRC)": [0.946236559139785, 0.946236559139785, 0.9032258064516129, 0.9148936170212766, 0.9468085106382979, 0.9139784946236559, 0.978494623655914, 0.956989247311828, 0.9468085106382979, 0.9468085106382979, 0.9354838709677419, 0.946236559139785, 0.946236559139785, 0.9468085106382979, 0.925531914893617], "test_recall (KIRP)": [0.8571428571428571, 0.7317073170731707, 0.8536585365853658, 0.8292682926829268, 0.8780487804878049, 0.6666666666666666, 0.8292682926829268, 0.8048780487804879, 0.8536585365853658, 0.8536585365853658, 0.7857142857142857, 0.8048780487804879, 0.8292682926829268, 0.7560975609756098, 0.7804878048780488]}, "rppa": {"fit_time": [9.538590669631958, 9.443027257919312, 9.347216129302979, 9.136606693267822, 7.940160274505615, 7.8663177490234375, 8.433600902557373, 8.40351128578186, 9.244966745376587, 9.241525650024414, 7.2860107421875, 7.417686939239502, 9.17045283317566, 8.976262092590332, 4.512756824493408], "score_time": [0.07159972190856934, 0.07262730598449707, 0.07621622085571289, 0.07209992408752441, 0.08797717094421387, 0.09312629699707031, 0.06097674369812012, 0.08200883865356445, 0.06746888160705566, 0.08009672164916992, 0.07039856910705566, 0.07328295707702637, 0.06825852394104004, 0.06879973411560059, 0.05642294883728027], "test_accuracy": [0.9391891891891891, 0.9863945578231292, 0.9931972789115646, 0.9727891156462585, 0.9591836734693877, 0.9391891891891891, 0.9659863945578231, 0.9727891156462585, 0.9727891156462585, 0.9795918367346939, 0.972972972972973, 0.9591836734693877, 0.9659863945578231, 0.9863945578231292, 0.9659863945578231], "test_balanced_accuracy": [0.8444011185946669, 0.9662288930581614, 0.9743589743589745, 0.9720636568067809, 0.8968604047742605, 0.8664579148450117, 0.9463845010658544, 0.9324577861163227, 0.9281842818428184, 0.9605460416306291, 0.9505494505494506, 0.898686679174484, 0.911362612385429, 0.983739837398374, 0.933806146572104], "test_f1": [0.9358722720951823, 0.98627669249518, 0.9930794135836154, 0.9725921947726459, 0.9580900302704812, 0.9375763634175311, 0.9657801533311737, 0.9722582154554944, 0.9723634565397357, 0.9795918367346939, 0.9727152554734289, 0.9580146758496357, 0.9649231068774712, 0.9863785408343231, 0.9658544815548352], "test_recall (KICH)": [0.6153846153846154, 0.9230769230769231, 0.9230769230769231, 1.0, 0.75, 0.6923076923076923, 0.9230769230769231, 0.8461538461538461, 0.8333333333333334, 0.9166666666666666, 0.9230769230769231, 0.7692307692307693, 0.7692307692307693, 1.0, 0.8333333333333334], "test_recall (KIRC)": [0.989247311827957, 1.0, 1.0, 0.9893617021276596, 0.9893617021276596, 0.978494623655914, 0.989247311827957, 1.0, 1.0, 0.9893617021276596, 1.0, 1.0, 0.989247311827957, 1.0, 0.9680851063829787], "test_recall (KIRP)": [0.9285714285714286, 0.975609756097561, 1.0, 0.926829268292683, 0.9512195121951219, 0.9285714285714286, 0.926829268292683, 0.9512195121951219, 0.9512195121951219, 0.975609756097561, 0.9285714285714286, 0.926829268292683, 0.975609756097561, 0.9512195121951219, 1.0]}, "rna + cnv": {"fit_time": [157.12920880317688, 150.26304841041565, 144.16546154022217, 141.88333916664124, 142.9145393371582, 139.57279133796692, 142.8497166633606, 144.53826713562012, 144.01660084724426, 143.8276596069336, 143.2662971019745, 154.28698110580444, 147.70891618728638, 145.1086962223053, 81.49148559570312], "score_time": [0.27297186851501465, 0.15342998504638672, 0.2062244415283203, 0.32009220123291016, 0.20099639892578125, 0.3365607261657715, 0.21134161949157715, 0.14908814430236816, 0.1431581974029541, 0.15729141235351562, 0.14109301567077637, 0.17098116874694824, 0.28414344787597656, 0.15450477600097656, 0.10457801818847656],