{
  "rna": {
    "fit_time": [
      611.1474871635437, 617.8493759632111, 607.2490708827972,
      553.0662949085236, 510.50145626068115
    ],
    "score_time": [
      8.174183130264282, 4.736595869064331, 7.985143184661865,
      9.321500301361084, 10.148802757263184
    ],
    "test_accuracy": [
      0.777027027027027, 0.6938775510204082, 0.7482993197278912,
      0.7482993197278912, 0.7891156462585034
    ],
    "test_balanced_accuracy": [
      0.7507763975155279, 0.6770519578313253, 0.7260751646648587,
      0.7172164948453608, 0.7023809523809523
    ],
    "test_f1": [
      0.7736804867694921, 0.6876911561321152, 0.7449790925544532,
      0.7476734905306335, 0.7784753522062144
    ],
    "test_recall (early)": [
      0.8586956521739131, 0.8072289156626506, 0.8314606741573034,
      0.8144329896907216, 0.9047619047619048
    ],
    "test_recall (late)": [
      0.6428571428571429, 0.546875, 0.6206896551724138, 0.62, 0.5
    ]
  },
  "cnv": {
    "fit_time": [
      184.13711023330688, 171.9278461933136, 176.14083695411682,
      208.34785199165344, 234.1251368522644
    ],
    "score_time": [
      1.477381706237793, 2.229444742202759, 1.5084328651428223,
      1.0208160877227783, 0.7652089595794678
    ],
    "test_accuracy": [
      0.5608108108108109, 0.5714285714285714, 0.6326530612244898,
      0.6598639455782312, 0.7414965986394558
    ],
    "test_balanced_accuracy": [
      0.5244565217391304, 0.5239081325301205, 0.5825261526540101,
      0.5581443298969072, 0.5547619047619048
    ],
    "test_f1": [
      0.5563587619662386, 0.5009503144602785, 0.609869735128094,
      0.6202092630664061, 0.663472706155633
    ],
    "test_recall (early)": [
      0.6739130434782609, 0.891566265060241, 0.8202247191011236,
      0.8762886597938144, 0.9904761904761905
    ],
    "test_recall (late)": [
      0.375, 0.15625, 0.3448275862068966, 0.24, 0.11904761904761904
    ]
  },
  "rppa": {
    "fit_time": [
      15.05436396598816, 15.155869960784912, 16.506959199905396,
      15.744887113571167, 15.142729997634888
    ],
    "score_time": [
      0.12803292274475098, 0.13932323455810547, 0.10506486892700195,
      0.11643695831298828, 0.1508958339691162
    ],
    "test_accuracy": [
      0.7635135135135135, 0.6530612244897959, 0.6870748299319728,
      0.7006802721088435, 0.7210884353741497
    ],
    "test_balanced_accuracy": [
      0.7119565217391304, 0.6194465361445782, 0.6424835335141418,
      0.6278350515463917, 0.6404761904761905
    ],
    "test_f1": [
      0.7483393337051873, 0.6249197674778739, 0.6702827595684738,
      0.6835762876579202, 0.7155052777660962
    ],
    "test_recall (early)": [
      0.9239130434782609, 0.8795180722891566, 0.8539325842696629,
      0.8556701030927835, 0.8285714285714286
    ],
    "test_recall (late)": [
      0.5, 0.359375, 0.43103448275862066, 0.4, 0.4523809523809524
    ]
  }
}
