{"rna + cnv + rppa": {"fit_time": [1129.4220576286316, 1197.505483865738, 1137.1387243270874, 1035.0459952354431, 482.04053926467896], "score_time": [1.9645507335662842, 2.517498254776001, 1.8040721416473389, 1.1729676723480225, 0.5753295421600342], "test_accuracy": [0.9527027027027027, 0.9727891156462585, 0.9863945578231292, 0.9863945578231292, 0.9795918367346939], "test_balanced_accuracy": [0.9528535980148883, 0.9194926936862421, 0.983739837398374, 0.9883238194084069, 0.9893617021276596], "test_f1": [0.9532656413319398, 0.9718000675447486, 0.9862968591691997, 0.9863945578231292, 0.9805601519887235], "test_recall (KICH)": [0.9230769230769231, 0.7692307692307693, 1.0, 1.0, 1.0], "test_recall (KIRC)": [0.9354838709677419, 0.989247311827957, 1.0, 0.9893617021276596, 0.9680851063829787], "test_recall (KIRP)": [1.0, 1.0, 0.9512195121951219, 0.975609756097561, 1.0]}}