{"cnv + rppa": {"fit_time": [160.20306777954102, 157.09208393096924, 130.62239289283752, 132.43830704689026, 130.73280477523804, 128.1311023235321, 126.13020825386047, 132.64357447624207, 127.33446288108826, 129.04426550865173, 124.54161953926086, 133.16384840011597, 129.49200630187988, 129.6270890235901, 79.52436518669128], "score_time": [0.1355116367340088, 0.12709903717041016, 0.12759804725646973, 0.15833139419555664, 0.1301724910736084, 0.14989447593688965, 0.17996907234191895, 0.14990687370300293, 0.1693732738494873, 0.1633901596069336, 0.12722420692443848, 0.12419676780700684, 0.13876795768737793, 0.1268916130065918, 0.1090235710144043], "test_accuracy": [0.9594594594594594, 0.9863945578231292, 1.0, 0.9727891156462585, 0.9795918367346939, 0.9459459459459459, 0.9795918367346939, 0.9727891156462585, 0.9795918367346939, 0.9931972789115646, 0.972972972972973, 0.9795918367346939, 0.9727891156462585, 0.9863945578231292, 0.9795918367346939], "test_balanced_accuracy": [0.9213241955177439, 0.9662288930581614, 1.0, 0.9720636568067809, 0.9847777201176267, 0.9405648115325534, 0.980155608007693, 0.9324577861163227, 0.9559620596205961, 0.9964539007092199, 0.9726062467997952, 0.9405878674171357, 0.9370036380264547, 0.983739837398374, 0.9893617021276596], "test_f1": [0.9589935410378285, 0.98627669249518, 1.0, 0.9725921947726459, 0.9800419754336805, 0.9466174248782945, 0.9795204276996995, 0.9722582154554944, 0.9794838570348775, 0.993220070065266, 0.9731344216638336, 0.979166073147039, 0.9723669609687847, 0.9863785408343231, 0.9797865091982738], "test_recall (KICH)": [0.8461538461538461, 0.9230769230769231, 1.0, 1.0, 1.0, 0.9230769230769231, 1.0, 0.8461538461538461, 0.9166666666666666, 1.0, 1.0, 0.8461538461538461, 0.8461538461538461, 1.0, 1.0], "test_recall (KIRC)": [0.989247311827957, 1.0, 1.0, 0.9893617021276596, 0.9787234042553191, 0.946236559139785, 0.989247311827957, 1.0, 1.0, 0.9893617021276596, 0.989247311827957, 1.0, 0.989247311827957, 1.0, 0.9680851063829787], "test_recall (KIRP)": [0.9285714285714286, 0.975609756097561, 1.0, 0.926829268292683, 0.975609756097561, 0.9523809523809523, 0.9512195121951219, 0.9512195121951219, 0.9512195121951219, 1.0, 0.9285714285714286, 0.975609756097561, 0.975609756097561, 0.9512195121951219, 1.0]}, "rppa": {"fit_time": [9.538590669631958, 9.443027257919312, 9.347216129302979, 9.136606693267822, 7.940160274505615, 7.8663177490234375, 8.433600902557373, 8.40351128578186, 9.244966745376587, 9.241525650024414, 7.2860107421875, 7.417686939239502, 9.17045283317566, 8.976262092590332, 4.512756824493408], "score_time": [0.07159972190856934, 0.07262730598449707, 0.07621622085571289, 0.07209992408752441, 0.08797717094421387, 0.09312629699707031, 0.06097674369812012, 0.08200883865356445, 0.06746888160705566, 0.08009672164916992, 0.07039856910705566, 0.07328295707702637, 0.06825852394104004, 0.06879973411560059, 0.05642294883728027], "test_accuracy": [0.9391891891891891, 0.9863945578231292, 0.9931972789115646, 0.9727891156462585, 0.9591836734693877, 0.9391891891891891, 0.9659863945578231, 0.9727891156462585, 0.9727891156462585, 0.9795918367346939, 0.972972972972973, 0.9591836734693877, 0.9659863945578231, 0.9863945578231292, 0.9659863945578231], "test_balanced_accuracy": [0.8444011185946669, 0.9662288930581614, 0.9743589743589745, 0.9720636568067809, 0.8968604047742605, 0.8664579148450117, 0.9463845010658544, 0.9324577861163227, 0.9281842818428184, 0.9605460416306291, 0.9505494505494506, 0.898686679174484, 0.911362612385429, 0.983739837398374, 0.933806146572104], "test_f1": [0.9358722720951823, 0.98627669249518, 0.9930794135836154, 0.9725921947726459, 0.9580900302704812, 0.9375763634175311, 0.9657801533311737, 0.9722582154554944, 0.9723634565397357, 0.9795918367346939, 0.9727152554734289, 0.9580146758496357, 0.9649231068774712, 0.9863785408343231, 0.9658544815548352], "test_recall (KICH)": [0.6153846153846154, 0.9230769230769231, 0.9230769230769231, 1.0, 0.75, 0.6923076923076923, 0.9230769230769231, 0.8461538461538461, 0.8333333333333334, 0.9166666666666666, 0.9230769230769231, 0.7692307692307693, 0.7692307692307693, 1.0, 0.8333333333333334], "test_recall (KIRC)": [0.989247311827957, 1.0, 1.0, 0.9893617021276596, 0.9893617021276596, 0.978494623655914, 0.989247311827957, 1.0, 1.0, 0.9893617021276596, 1.0, 1.0, 0.989247311827957, 1.0, 0.9680851063829787], "test_recall (KIRP)": [0.9285714285714286, 0.975609756097561, 1.0, 0.926829268292683, 0.9512195121951219, 0.9285714285714286, 0.926829268292683, 0.9512195121951219, 0.9512195121951219, 0.975609756097561, 0.9285714285714286, 0.926829268292683, 0.975609756097561, 0.9512195121951219, 1.0]}, "rna + rppa": {"fit_time": [68.73182606697083, 67.948068857193, 68.09445548057556, 66.49541783332825, 66.58880281448364, 65.53334069252014, 67.81404089927673, 67.5368709564209, 67.96042704582214, 68.7419285774231, 68.84410858154297, 69.02758836746216, 65.3143515586853, 65.23072004318237, 37.711233615875244], "score_time": [0.16832828521728516, 0.12070798873901367, 0.12697291374206543, 0.11586284637451172, 0.13877224922180176, 0.12518000602722168, 0.10230517387390137, 0.11208391189575195, 0.11810803413391113, 0.12084269523620605, 0.1592857837677002, 0.11860966682434082, 0.12033462524414062, 0.1467893123626709, 0.08926653861999512], "test_accuracy": [0.972972972972973, 0.9931972789115646, 1.0, 0.9795918367346939, 0.9931972789115646, 0.9594594594594594, 0.9795918367346939, 0.9795918367346939, 1.0, 1.0, 0.9662162162162162, 0.9931972789115646, 0.9795918367346939, 0.9931972789115646, 0.9727891156462585], "test_balanced_accuracy": [0.9328449328449328, 0.991869918699187, 1.0, 0.9801937381075939, 0.9964539007092199, 0.9390287132222617, 0.980155608007693, 0.9580988117573485, 1.0, 1.0, 0.9292607034542518, 0.991869918699187, 0.9626446636674805, 0.991869918699187, 0.9569999423398489], "test_f1": [0.9725296059859603, 0.9931734758998998, 1.0, 0.9795198502681495, 0.993220070065266, 0.9591088234056578, 0.9795204276996995, 0.979447683835439, 1.0, 1.0, 0.9659141371336493, 0.9931734758998998, 0.9795103495943833, 0.9931732834227164, 0.9728574891073627], "test_recall (KICH)": [0.8461538461538461, 1.0, 1.0, 1.0, 1.0, 0.9230769230769231, 1.0, 0.9230769230769231, 1.0, 1.0, 0.8461538461538461, 1.0, 0.9230769230769231, 1.0, 0.9166666666666666], "test_recall (KIRC)": [1.0, 1.0, 1.0, 0.9893617021276596, 0.9893617021276596, 0.989247311827957, 0.989247311827957, 1.0, 1.0, 1.0, 0.989247311827957, 1.0, 0.989247311827957, 1.0, 0.9787234042553191], "test_recall (KIRP)": [0.9523809523809523, 0.975609756097561, 1.0, 0.9512195121951219, 1.0, 0.9047619047619048, 0.9512195121951219, 0.9512195121951219, 1.0, 1.0, 0.9523809523809523, 0.975609756097561, 0.975609756097561, 0.975609756097561, 0.975609756097561]}, "rna": {"fit_time": [12.088714599609375, 11.720951080322266, 12.263892650604248, 11.17303729057312, 9.973535537719727, 9.448041915893555, 13.400406837463379, 13.680574655532837, 12.443183183670044, 11.756204843521118, 11.518808603286743, 12.052857160568237, 11.928275346755981, 11.703379154205322, 5.9684739112854], "score_time": [0.12456822395324707, 0.14651131629943848, 0.16246867179870605, 0.18029093742370605, 0.12173628807067871, 0.16070008277893066, 0.12300586700439453, 0.16283822059631348, 0.12949466705322266, 0.11867547035217285, 0.12790226936340332, 0.1553480625152588, 0.12575268745422363, 0.12849855422973633, 0.07486391067504883], "test_accuracy": [0.9594594594594594, 0.9659863945578231, 0.9863945578231292, 0.9523809523809523, 0.9387755102040817, 0.9054054054054054, 0.9727891156462585, 0.9727891156462585, 0.9795918367346939, 0.9659863945578231, 0.9324324324324325, 0.9727891156462585, 0.9727891156462585, 0.9863945578231292, 0.9523809523809523],