{"rna": {"fit_time": [192.90093398094177, 355.5859463214874, 281.454172372818, 223.8882188796997, 177.81453895568848], "score_time": [2.786078929901123, 4.689471006393433, 4.659317493438721, 4.00226354598999, 1.8119618892669678], "test_accuracy": [0.9459459459459459, 0.9659863945578231, 0.9795918367346939, 0.9523809523809523, 0.9795918367346939], "test_balanced_accuracy": [0.9449170900783804, 0.915908464295561, 0.975609756097561, 0.9660093409444732, 0.9893617021276596], "test_f1": [0.9465453859835883, 0.9651575945693592, 0.9794026856535674, 0.9532759847434696, 0.9805601519887235], "test_recall (KICH)": [0.9230769230769231, 0.7692307692307693, 1.0, 1.0, 1.0], "test_recall (KIRC)": [0.9354838709677419, 0.978494623655914, 1.0, 0.9468085106382979, 0.9680851063829787], "test_recall (KIRP)": [0.9761904761904762, 1.0, 0.926829268292683, 0.9512195121951219, 1.0]}, "cnv": {"fit_time": [231.7081425189972, 220.14167070388794, 200.6537857055664, 182.58202290534973, 109.62142729759216], "score_time": [0.9669404029846191, 0.8184638023376465, 0.969367504119873, 0.9159660339355469, 0.3238213062286377], "test_accuracy": [0.8581081081081081, 0.8571428571428571, 0.8979591836734694, 0.891156462585034, 0.9183673469387755], "test_balanced_accuracy": [0.7839812517231873, 0.751477738102443, 0.8923587995185162, 0.8581271982932597, 0.8906475234965116], "test_f1": [0.8571867321867322, 0.852673322415386, 0.8975895408668518, 0.8907095194803997, 0.9190507035823785], "test_recall (KICH)": [0.6153846153846154, 0.5384615384615384, 0.9230769230769231, 0.8333333333333334, 0.8333333333333334], "test_recall (KIRC)": [0.9032258064516129, 0.9354838709677419, 0.9247311827956989, 0.9361702127659575, 0.9361702127659575], "test_recall (KIRP)": [0.8333333333333334, 0.7804878048780488, 0.8292682926829268, 0.8048780487804879, 0.9024390243902439]}, "rppa": {"fit_time": [11.775192975997925, 11.893879175186157, 13.850552082061768, 13.94045376777649, 6.378564119338989], "score_time": [0.0929262638092041, 0.07443928718566895, 0.10796284675598145, 0.07572317123413086, 0.051428794860839844], "test_accuracy": [0.9391891891891891, 0.9319727891156463, 0.9251700680272109, 0.9591836734693877, 0.9387755102040817], "test_balanced_accuracy": [0.8885147110953563, 0.8577471134512834, 0.8541628840606025, 0.8922764227642276, 0.9163495358357839], "test_f1": [0.9386399768752711, 0.9300517934446506, 0.9241933916423712, 0.9579696310581801, 0.93836556602461], "test_recall (KICH)": [0.7692307692307693, 0.6923076923076923, 0.6923076923076923, 0.75, 0.9166666666666666], "test_recall (KIRC)": [0.967741935483871, 0.978494623655914, 0.967741935483871, 1.0, 0.9787234042553191], "test_recall (KIRP)": [0.9285714285714286, 0.9024390243902439, 0.9024390243902439, 0.926829268292683, 0.8536585365853658]}, "rna + cnv + rppa": {"fit_time": [1129.4220576286316, 1197.505483865738, 1137.1387243270874, 1035.0459952354431, 482.04053926467896], "score_time": [1.9645507335662842, 2.517498254776001, 1.8040721416473389, 1.1729676723480225, 0.5753295421600342], "test_accuracy": [0.9527027027027027, 0.9727891156462585, 0.9863945578231292, 0.9863945578231292, 0.9795918367346939], "test_balanced_accuracy": [0.9528535980148883, 0.9194926936862421, 0.983739837398374, 0.9883238194084069, 0.9893617021276596], "test_f1": [0.9532656413319398, 0.9718000675447486, 0.9862968591691997, 0.9863945578231292, 0.9805601519887235], "test_recall (KICH)": [0.9230769230769231, 0.7692307692307693, 1.0, 1.0, 1.0], "test_recall (KIRC)": [0.9354838709677419, 0.989247311827957, 1.0, 0.9893617021276596, 0.9680851063829787], "test_recall (KIRP)": [1.0, 1.0, 0.9512195121951219, 0.975609756097561, 1.0]}}