{
  "rna": {
    "fit_time": [
      611.1474871635437, 617.8493759632111, 607.2490708827972,
      553.0662949085236, 510.50145626068115
    ],
    "score_time": [
      8.174183130264282, 4.736595869064331, 7.985143184661865,
      9.321500301361084, 10.148802757263184
    ],
    "test_accuracy": [
      0.777027027027027, 0.6938775510204082, 0.7482993197278912,
      0.7482993197278912, 0.7891156462585034
    ],
    "test_balanced_accuracy": [
      0.7507763975155279, 0.6770519578313253, 0.7260751646648587,
      0.7172164948453608, 0.7023809523809523
    ],
    "test_f1": [
      0.7736804867694921, 0.6876911561321152, 0.7449790925544532,
      0.7476734905306335, 0.7784753522062144
    ],
    "test_recall (early)": [
      0.8586956521739131, 0.8072289156626506, 0.8314606741573034,
      0.8144329896907216, 0.9047619047619048
    ],
    "test_recall (late)": [
      0.6428571428571429, 0.546875, 0.6206896551724138, 0.62, 0.5
    ]
  },
  "cnv": {
    "fit_time": [
      184.13711023330688, 171.9278461933136, 176.14083695411682,
      208.34785199165344, 234.1251368522644
    ],
    "score_time": [
      1.477381706237793, 2.229444742202759, 1.5084328651428223,
      1.0208160877227783, 0.7652089595794678
    ],
    "test_accuracy": [
      0.5608108108108109, 0.5714285714285714, 0.6326530612244898,
      0.6598639455782312, 0.7414965986394558
    ],
    "test_balanced_accuracy": [
      0.5244565217391304, 0.5239081325301205, 0.5825261526540101,
      0.5581443298969072, 0.5547619047619048
    ],
    "test_f1": [
      0.5563587619662386, 0.5009503144602785, 0.609869735128094,
      0.6202092630664061, 0.663472706155633
    ],
    "test_recall (early)": [
      0.6739130434782609, 0.891566265060241, 0.8202247191011236,
      0.8762886597938144, 0.9904761904761905
    ],
    "test_recall (late)": [
      0.375, 0.15625, 0.3448275862068966, 0.24, 0.11904761904761904
    ]
  },
  "rppa": {
    "fit_time": [
      15.05436396598816, 15.155869960784912, 16.506959199905396,
      15.744887113571167, 15.142729997634888
    ],
    "score_time": [
      0.12803292274475098, 0.13932323455810547, 0.10506486892700195,
      0.11643695831298828, 0.1508958339691162
    ],
    "test_accuracy": [
      0.7635135135135135, 0.6530612244897959, 0.6870748299319728,
      0.7006802721088435, 0.7210884353741497
    ],
    "test_balanced_accuracy": [
      0.7119565217391304, 0.6194465361445782, 0.6424835335141418,
      0.6278350515463917, 0.6404761904761905
    ],
    "test_f1": [
      0.7483393337051873, 0.6249197674778739, 0.6702827595684738,
      0.6835762876579202, 0.7155052777660962
    ],
    "test_recall (early)": [
      0.9239130434782609, 0.8795180722891566, 0.8539325842696629,
      0.8556701030927835, 0.8285714285714286
    ],
    "test_recall (late)": [
      0.5, 0.359375, 0.43103448275862066, 0.4, 0.4523809523809524
    ]
  },
  "rna + cnv + rppa": {
    "fit_time": [
      1413.7740111351013, 1428.025237083435, 1438.757243156433,
      1390.7621400356293, 1325.9761719703674
    ],
    "score_time": [
      3.414278984069824, 2.13683819770813, 1.7912099361419678,
      4.1928160190582275, 4.646200895309448
    ],
    "test_accuracy": [
      0.777027027027027, 0.6666666666666666, 0.7414965986394558,
      0.7687074829931972, 0.7959183673469388
    ],
    "test_balanced_accuracy": [
      0.7472826086956521, 0.6404367469879518, 0.7144517628826036,
      0.7375257731958763, 0.7214285714285715
    ],
    "test_f1": [
      0.7724843410743103, 0.6504409171075838, 0.7361781324332222,
      0.7675274191309177, 0.7889218458991517
    ],
    "test_recall (early)": [
      0.8695652173913043, 0.8433734939759037, 0.8426966292134831,
      0.8350515463917526, 0.8952380952380953
    ],
    "test_recall (late)": [
      0.625, 0.4375, 0.5862068965517241, 0.64, 0.5476190476190477
    ]
  },
  "cnv + rppa": {
    "fit_time": [
      338.62985277175903, 350.3230712413788, 347.1293590068817,
      389.05043721199036, 415.7536838054657
    ],
    "score_time": [
      0.6058931350708008, 0.40479373931884766, 0.47138214111328125,
      0.27956080436706543, 0.23695015907287598
    ],
    "test_accuracy": [
      0.7094594594594594, 0.6462585034013606, 0.7006802721088435,
      0.7142857142857143, 0.7346938775510204
    ],
    "test_balanced_accuracy": [
      0.6754658385093167, 0.6098456325301205, 0.6627276249515691,
      0.6429896907216495, 0.65
    ],
    "test_f1": [
      0.7035402020059195, 0.61235200463164, 0.6890777754400729,
      0.6979591836734694, 0.7269136393560356
    ],
    "test_recall (early)": [
      0.8152173913043478, 0.891566265060241, 0.8426966292134831,
      0.865979381443299, 0.8476190476190476
    ],
    "test_recall (late)": [
      0.5357142857142857, 0.328125, 0.4827586206896552, 0.42, 0.4523809523809524
    ]
  },
  "rna + rppa": {
    "fit_time": [
      815.2203290462494, 828.2774877548218, 840.2349359989166,
      792.4564137458801, 730.4786469936371
    ],
    "score_time": [
      2.193047046661377, 1.9964401721954346, 1.5411760807037354,
      2.6833839416503906, 3.542649745941162
    ],
    "test_accuracy": [
      0.7972972972972973, 0.6802721088435374, 0.7346938775510204,
      0.7619047619047619, 0.7959183673469388
    ],
    "test_balanced_accuracy": [
      0.7635869565217391, 0.6524849397590362, 0.7058310732274312,
      0.7323711340206185, 0.7214285714285715
    ],
    "test_f1": [
      0.7913403199117486, 0.6623947805117066, 0.7285174387215203,
      0.7613127613127613, 0.7889218458991517
    ],
    "test_recall (early)": [
      0.9021739130434783, 0.8674698795180723, 0.8426966292134831,
      0.8247422680412371, 0.8952380952380953
    ],
    "test_recall (late)": [
      0.625, 0.4375, 0.5689655172413793, 0.64, 0.5476190476190477
    ]
  },
  "rna + cnv": {
    "fit_time": [
      1385.3367021083832, 1405.212111711502, 1424.2898800373077,
      1344.0087532997131, 1243.8352589607239
    ],
    "score_time": [
      4.887784004211426, 3.914076328277588, 3.54730486869812, 5.353883743286133,
      7.033869981765747
    ],
    "test_accuracy": [
      0.7567567567567568, 0.6870748299319728, 0.7346938775510204,
      0.7482993197278912, 0.782312925170068
    ],
    "test_balanced_accuracy": [
      0.7309782608695652, 0.6674510542168675, 0.7118364974815963,
      0.7123711340206185, 0.6904761904761905
    ],
    "test_f1": [
      0.7537131968115087, 0.6784779846004336, 0.7311941786384776,
      0.7463235438086481, 0.77005577005577
    ],
    "test_recall (early)": [
      0.8369565217391305, 0.8192771084337349, 0.8202247191011236,
      0.8247422680412371, 0.9047619047619048
    ],
    "test_recall (late)": [
      0.625, 0.515625, 0.603448275862069, 0.6, 0.47619047619047616
    ]
  }
}
