{"rna": {"logistic": {"fit_time": [11.853106021881104, 12.333794355392456, 8.84963607788086, 8.373100280761719, 4.528406143188477], "score_time": [0.5582547187805176, 0.5150947570800781, 0.2886219024658203, 0.2920701503753662, 0.2620062828063965], "test_accuracy": [0.7589285714285714, 0.75, 0.7946428571428571, 0.7837837837837838, 0.7927927927927928], "test_balanced_accuracy": [0.7357142857142858, 0.7142857142857142, 0.7833333333333334, 0.7578397212543554, 0.7649825783972126], "test_f1": [0.7569930069930069, 0.7435988620199147, 0.7951121455776555, 0.7812427812427812, 0.7896378241205827], "test_recall (early)": [0.8285714285714286, 0.8571428571428571, 0.8285714285714286, 0.8571428571428571, 0.8714285714285714], "test_recall (late)": [0.6428571428571429, 0.5714285714285714, 0.7380952380952381, 0.6585365853658537, 0.6585365853658537]}, "balanced_random_forest": {"fit_time": [18.94506072998047, 19.060161590576172, 17.507649421691895, 17.65354585647583, 9.575352668762207], "score_time": [0.29763293266296387, 0.2921566963195801, 0.33068346977233887, 0.28760528564453125, 0.2769479751586914], "test_accuracy": [0.7589285714285714, 0.7321428571428571, 0.7232142857142857, 0.7477477477477478, 0.7477477477477478], "test_balanced_accuracy": [0.7452380952380953, 0.7, 0.7261904761904763, 0.7292682926829268, 0.7292682926829268], "test_f1": [0.7594794752433346, 0.7273445732349842, 0.7270992366412213, 0.7477477477477479, 0.7477477477477479], "test_recall (early)": [0.8, 0.8285714285714286, 0.7142857142857143, 0.8, 0.8], "test_recall (late)": [0.6904761904761905, 0.5714285714285714, 0.7380952380952381, 0.6585365853658537, 0.6585365853658537]}, "deep_nn": {"fit_time": [53.847365379333496, 30.25831890106201, 32.39813256263733, 34.89526915550232, 34.63251733779907], "score_time": [0.3186917304992676, 0.5448334217071533, 0.33717942237854004, 0.4662957191467285, 0.16123723983764648], "test_accuracy": [0.7410714285714286, 0.7767857142857143, 0.6785714285714286, 0.7477477477477478, 0.7477477477477478], "test_balanced_accuracy": [0.7071428571428571, 0.7547619047619047, 0.6666666666666667, 0.7292682926829268, 0.704006968641115], "test_f1": [0.7354669140383425, 0.774993524993525, 0.681149732620321, 0.7477477477477479, 0.7386386386386387], "test_recall (early)": [0.8428571428571429, 0.8428571428571429, 0.7142857142857143, 0.8, 0.8714285714285714], "test_recall (late)": [0.5714285714285714, 0.6666666666666666, 0.6190476190476191, 0.6585365853658537, 0.5365853658536586]}, "svc": {"fit_time": [6.132907152175903, 6.185307741165161, 5.188450813293457, 5.077157497406006, 3.826648473739624], "score_time": [1.4149940013885498, 1.3667080402374268, 1.2082312107086182, 1.208798885345459, 1.2128877639770508], "test_accuracy": [0.7589285714285714, 0.75, 0.7946428571428571, 0.7747747747747747, 0.7657657657657657], "test_balanced_accuracy": [0.7357142857142858, 0.719047619047619, 0.7833333333333334, 0.7506968641114983, 0.7435540069686412], "test_f1": [0.7569930069930069, 0.7455216016859852, 0.7951121455776555, 0.772860848810216, 0.7644873746986424], "test_recall (early)": [0.8285714285714286, 0.8428571428571429, 0.8285714285714286, 0.8428571428571429, 0.8285714285714286], "test_recall (late)": [0.6428571428571429, 0.5952380952380952, 0.7380952380952381, 0.6585365853658537, 0.6585365853658537]}, "stacking": {"fit_time": [208.71599316596985, 207.26735711097717, 185.18143916130066, 193.47661423683167, 111.02956247329712], "score_time": [2.7728211879730225, 1.8439257144927979, 2.5235836505889893, 3.6590380668640137, 1.122788906097412], "test_accuracy": [0.7410714285714286, 0.7678571428571429, 0.7857142857142857, 0.7747747747747747, 0.7927927927927928], "test_balanced_accuracy": [0.7119047619047619, 0.7428571428571429, 0.7714285714285715, 0.7456445993031359, 0.7649825783972126], "test_f1": [0.7373417721518987, 0.7652777777777777, 0.7857142857142857, 0.7713454610006335, 0.7896378241205827], "test_recall (early)": [0.8285714285714286, 0.8428571428571429, 0.8285714285714286, 0.8571428571428571, 0.8714285714285714], "test_recall (late)": [0.5952380952380952, 0.6428571428571429, 0.7142857142857143, 0.6341463414634146, 0.6585365853658537]}}, "meth": {"logistic": {"fit_time": [0.16198945045471191, 0.15681886672973633, 0.16318798065185547, 0.17723345756530762, 0.09441423416137695], "score_time": [0.022137880325317383, 0.02289104461669922, 0.019031047821044922, 0.020862817764282227, 0.01242518424987793], "test_accuracy": [0.7410714285714286, 0.7232142857142857, 0.6517857142857143, 0.6756756756756757, 0.7027027027027027], "test_balanced_accuracy": [0.7071428571428571, 0.6880952380952381, 0.6357142857142857, 0.6569686411149825, 0.6733449477351916], "test_f1": [0.7354669140383425, 0.7172232529375387, 0.6539768436949408, 0.6771865032734596, 0.700176320429485], "test_recall (early)": [0.8428571428571429, 0.8285714285714286, 0.7, 0.7285714285714285, 0.7857142857142857], "test_recall (late)": [0.5714285714285714, 0.5476190476190477, 0.5714285714285714, 0.5853658536585366, 0.5609756097560976]}, "balanced_random_forest": {"fit_time": [1.5398530960083008, 1.473585844039917, 1.5234241485595703, 1.567378044128418, 0.851428747177124], "score_time": [0.05844306945800781, 0.06244206428527832, 0.06046748161315918, 0.057570695877075195, 0.037567138671875], "test_accuracy": [0.7767857142857143, 0.7321428571428571, 0.7410714285714286, 0.7297297297297297, 0.7927927927927928], "test_balanced_accuracy": [0.7690476190476191, 0.7, 0.730952380952381, 0.7250871080139373, 0.785191637630662], "test_f1": [0.7781902844198338, 0.7273445732349842, 0.7427007299270072, 0.7328926619971396, 0.7941806985173238], "test_recall (early)": [0.8, 0.8285714285714286, 0.7714285714285715, 0.7428571428571429, 0.8142857142857143], "test_recall (late)": [0.7380952380952381, 0.5714285714285714, 0.6904761904761905, 0.7073170731707317, 0.7560975609756098]}, "deep_nn": {"fit_time": [2.269094467163086, 2.2723917961120605, 2.4371867179870605, 2.801603078842163, 2.051835298538208], "score_time": [0.022042512893676758, 0.02309107780456543, 0.023681163787841797, 0.049684762954711914, 0.022563457489013672], "test_accuracy": [0.7410714285714286, 0.7410714285714286, 0.6964285714285714, 0.7387387387387387, 0.6936936936936937], "test_balanced_accuracy": [0.7119047619047619, 0.7071428571428571, 0.6761904761904762, 0.6968641114982579, 0.6662020905923345], "test_f1": [0.7373417721518987, 0.7354669140383425, 0.6964285714285714, 0.7305240332729529, 0.6920219515289939], "test_recall (early)": [0.8285714285714286, 0.8428571428571429, 0.7571428571428571, 0.8571428571428571, 0.7714285714285715], "test_recall (late)": [0.5952380952380952, 0.5714285714285714, 0.5952380952380952, 0.5365853658536586, 0.5609756097560976]}, "svc": {"fit_time": [0.09468960762023926, 0.2634890079498291, 0.1438446044921875, 0.21606111526489258, 0.14613056182861328], "score_time": [0.03917956352233887, 0.087677001953125, 0.043041229248046875, 0.03702497482299805, 0.042256832122802734], "test_accuracy": [0.7232142857142857, 0.7321428571428571, 0.6607142857142857, 0.6576576576576577, 0.7297297297297297], "test_balanced_accuracy": [0.7023809523809523, 0.6952380952380952, 0.6333333333333333, 0.6477351916376306, 0.7149825783972126], "test_f1": [0.722528411518414, 0.7252844950213371, 0.6589659910683613, 0.6616640385297101, 0.7309887527278832], "test_recall (early)": [0.7857142857142857, 0.8428571428571429, 0.7428571428571429, 0.6857142857142857, 0.7714285714285715], "test_recall (late)": [0.6190476190476191, 0.5476190476190477, 0.5238095238095238, 0.6097560975609756, 0.6585365853658537]}, "stacking": {"fit_time": [12.903178453445435, 15.010687351226807, 15.418380975723267, 15.372183322906494, 12.049010992050171], "score_time": [0.11820316314697266, 0.12734270095825195, 0.1086580753326416, 0.11591982841491699, 0.07249093055725098], "test_accuracy": [0.7410714285714286, 0.75, 0.6875, 0.7387387387387387, 0.7207207207207207],