{"rna": {"logistic": {"fit_time": [0.14573001861572266, 0.1431567668914795, 0.13418006896972656, 0.17191052436828613, 0.16108083724975586], "score_time": [0.02412247657775879, 0.02585148811340332, 0.025443315505981445, 0.019733428955078125, 0.021103858947753906], "test_accuracy": [0.6607142857142857, 0.75, 0.7232142857142857, 0.8108108108108109, 0.7567567567567568], "test_balanced_accuracy": [0.6428571428571428, 0.719047619047619, 0.7071428571428572, 0.7893728222996516, 0.7263066202090592], "test_f1": [0.6622008763060329, 0.7455216016859852, 0.723846804909014, 0.8092031130005813, 0.7530530978806841], "test_recall (early)": [0.7142857142857143, 0.8428571428571429, 0.7714285714285715, 0.8714285714285714, 0.8428571428571429], "test_recall (late)": [0.5714285714285714, 0.5952380952380952, 0.6428571428571429, 0.7073170731707317, 0.6097560975609756]}, "balanced_random_forest": {"fit_time": [1.3877263069152832, 1.3511838912963867, 1.6790764331817627, 1.7386455535888672, 1.169435739517212], "score_time": [0.061290740966796875, 0.05792093276977539, 0.05558466911315918, 0.08796095848083496, 0.05943155288696289], "test_accuracy": [0.7767857142857143, 0.7678571428571429, 0.7142857142857143, 0.7657657657657657, 0.7747747747747747], "test_balanced_accuracy": [0.7595238095238095, 0.7380952380952381, 0.7047619047619047, 0.7334494773519163, 0.7506968641114983], "test_f1": [0.776232589934205, 0.7636986301369865, 0.716577540106952, 0.7613327097826016, 0.772860848810216], "test_recall (early)": [0.8285714285714286, 0.8571428571428571, 0.7428571428571429, 0.8571428571428571, 0.8428571428571429], "test_recall (late)": [0.6904761904761905, 0.6190476190476191, 0.6666666666666666, 0.6097560975609756, 0.6585365853658537]}, "deep_nn": {"fit_time": [2.773571729660034, 2.848135232925415, 2.112969160079956, 2.102912425994873, 1.2631855010986328], "score_time": [0.025140762329101562, 0.025723695755004883, 0.02614140510559082, 0.02447795867919922, 0.015024185180664062], "test_accuracy": [0.6696428571428571, 0.75, 0.7142857142857143, 0.7837837837837838, 0.7567567567567568], "test_balanced_accuracy": [0.6499999999999999, 0.719047619047619, 0.7, 0.7628919860627178, 0.7162020905923345], "test_f1": [0.6703977994075329, 0.7455216016859852, 0.7155375800471858, 0.7826037304910545, 0.7491085827024045], "test_recall (early)": [0.7285714285714285, 0.8428571428571429, 0.7571428571428571, 0.8428571428571429, 0.8714285714285714], "test_recall (late)": [0.5714285714285714, 0.5952380952380952, 0.6428571428571429, 0.6829268292682927, 0.5609756097560976]}, "svc": {"fit_time": [0.15154457092285156, 0.14061450958251953, 0.15012669563293457, 0.1217796802520752, 0.08408522605895996], "score_time": [0.04474830627441406, 0.04621577262878418, 0.03689002990722656, 0.039170026779174805, 0.022557735443115234], "test_accuracy": [0.6339285714285714, 0.7589285714285714, 0.7053571428571429, 0.7747747747747747, 0.7297297297297297], "test_balanced_accuracy": [0.6214285714285714, 0.7261904761904762, 0.6976190476190476, 0.7506968641114983, 0.7048780487804878], "test_f1": [0.6374323761964211, 0.7537105751391466, 0.7081772784019975, 0.772860848810216, 0.7282546631138179], "test_recall (early)": [0.6714285714285714, 0.8571428571428571, 0.7285714285714285, 0.8428571428571429, 0.8], "test_recall (late)": [0.5714285714285714, 0.5952380952380952, 0.6666666666666666, 0.6585365853658537, 0.6097560975609756]}, "stacking": {"fit_time": [13.161036968231201, 13.63994574546814, 13.777791500091553, 13.250694751739502, 8.202649354934692], "score_time": [0.19532060623168945, 0.27254557609558105, 0.22305536270141602, 0.1972060203552246, 0.0858917236328125], "test_accuracy": [0.6875, 0.7678571428571429, 0.7142857142857143, 0.8108108108108109, 0.7657657657657657], "test_balanced_accuracy": [0.6595238095238096, 0.7333333333333334, 0.6857142857142857, 0.7792682926829269, 0.7182926829268292], "test_f1": [0.6849909349909351, 0.7619132290184922, 0.7111111111111111, 0.8064864864864866, 0.7549346338820023], "test_recall (early)": [0.7714285714285715, 0.8714285714285714, 0.8, 0.9, 0.9], "test_recall (late)": [0.5476190476190477, 0.5952380952380952, 0.5714285714285714, 0.6585365853658537, 0.5365853658536586]}}, "meth": {"logistic": {"fit_time": [0.15410780906677246, 0.14873266220092773, 0.1576704978942871, 0.14441752433776855, 0.0894930362701416], "score_time": [0.027100801467895508, 0.033095598220825195, 0.021830081939697266, 0.018793106079101562, 0.012633562088012695], "test_accuracy": [0.7053571428571429, 0.7589285714285714, 0.7410714285714286, 0.7297297297297297, 0.7117117117117117], "test_balanced_accuracy": [0.6928571428571428, 0.7261904761904762, 0.7261904761904762, 0.7099303135888502, 0.6804878048780488], "test_f1": [0.7072111754341809, 0.7537105751391466, 0.7416631400761743, 0.7297297297297297, 0.7083237083237084], "test_recall (early)": [0.7428571428571429, 0.8571428571428571, 0.7857142857142857, 0.7857142857142857, 0.8], "test_recall (late)": [0.6428571428571429, 0.5952380952380952, 0.6666666666666666, 0.6341463414634146, 0.5609756097560976]}, "balanced_random_forest": {"fit_time": [1.4656803607940674, 1.41697359085083, 1.4239089488983154, 1.4734447002410889, 0.9300134181976318], "score_time": [0.05608224868774414, 0.0558011531829834, 0.06226682662963867, 0.05741453170776367, 0.04799389839172363], "test_accuracy": [0.7589285714285714, 0.7053571428571429, 0.75, 0.7657657657657657, 0.7297297297297297], "test_balanced_accuracy": [0.7452380952380953, 0.6785714285714286, 0.7428571428571429, 0.7486062717770035, 0.7099303135888502], "test_f1": [0.7594794752433346, 0.702991452991453, 0.752005347593583, 0.7657657657657657, 0.7297297297297297], "test_recall (early)": [0.8, 0.7857142857142857, 0.7714285714285715, 0.8142857142857143, 0.7857142857142857], "test_recall (late)": [0.6904761904761905, 0.5714285714285714, 0.7142857142857143, 0.6829268292682927, 0.6341463414634146]}, "deep_nn": {"fit_time": [3.32397723197937, 3.9948713779449463, 4.065744638442993, 3.9129459857940674, 2.10793399810791], "score_time": [0.06379342079162598, 0.09029340744018555, 0.050337791442871094, 0.043500661849975586, 0.024506568908691406], "test_accuracy": [0.7589285714285714, 0.8214285714285714, 0.7857142857142857, 0.7657657657657657, 0.7927927927927928], "test_balanced_accuracy": [0.7357142857142858, 0.7952380952380953, 0.780952380952381, 0.7536585365853659, 0.7649825783972126], "test_f1": [0.7569930069930069, 0.8182297154899896, 0.7874331550802139, 0.7668569190308321, 0.7896378241205827], "test_recall (early)": [0.8285714285714286, 0.9, 0.8, 0.8, 0.8714285714285714], "test_recall (late)": [0.6428571428571429, 0.6904761904761905, 0.7619047619047619, 0.7073170731707317, 0.6585365853658537]}, "svc": {"fit_time": [0.11129903793334961, 0.21000909805297852, 0.23593378067016602, 0.1353452205657959, 0.1607966423034668], "score_time": [0.10389280319213867, 0.034732818603515625, 0.07523202896118164, 0.05508780479431152, 0.03863716125488281], "test_accuracy": [0.7053571428571429, 0.7321428571428571, 0.7232142857142857, 0.7207207207207207, 0.7117117117117117], "test_balanced_accuracy": [0.6976190476190476, 0.7047619047619047, 0.7071428571428572, 0.7128919860627179, 0.6855400696864111], "test_f1": [0.7081772784019975, 0.7291666666666666, 0.723846804909014, 0.7235741488615052, 0.7101383073214059], "test_recall (early)": [0.7285714285714285, 0.8142857142857143, 0.7714285714285715, 0.7428571428571429, 0.7857142857142857], "test_recall (late)": [0.6666666666666666, 0.5952380952380952, 0.6428571428571429, 0.6829268292682927, 0.5853658536585366]}, "stacking": {"fit_time": [13.322661876678467, 13.451944589614868, 13.5834219455719, 13.543619155883789, 7.06823205947876], "score_time": [0.11149716377258301, 0.11455798149108887, 0.10736846923828125, 0.10998988151550293, 0.08347368240356445], "test_accuracy": [0.7321428571428571, 0.7857142857142857, 0.7767857142857143, 0.7567567567567568, 0.7657657657657657],