{
  "rna": {
    "logistic": {
      "fit_time": [
        24.377621173858643, 27.26329016685486, 25.567019939422607,
        23.97642183303833, 26.078388929367065
      ],
      "score_time": [
        1.2339298725128174, 0.6877119541168213, 0.9356222152709961,
        1.2395949363708496, 0.7462279796600342
      ],
      "test_accuracy": [
        0.7635135135135135, 0.7346938775510204, 0.6258503401360545,
        0.7074829931972789, 0.673469387755102
      ],
      "test_balanced_accuracy": [
        0.7429078014184397, 0.716547192353644, 0.6033452807646356,
        0.6600955794504182, 0.5710872162485066
      ],
      "test_f1": [
        0.7630340620994827, 0.7351938345385265, 0.6278396161300144,
        0.6970232472782819, 0.6063274867469111
      ],
      "test_recall (early)": [
        0.8191489361702128, 0.7849462365591398, 0.6881720430107527,
        0.8387096774193549, 0.956989247311828
      ],
      "test_recall (late)": [
        0.6666666666666666, 0.6481481481481481, 0.5185185185185185,
        0.48148148148148145, 0.18518518518518517
      ]
    },
    "balanced_random_forest": {
      "fit_time": [
        10.807826280593872, 16.197952032089233, 10.802767753601074,
        15.879383087158203, 16.061429262161255
      ],
      "score_time": [
        0.5226879119873047, 0.8198819160461426, 0.651954174041748,
        0.9413080215454102, 0.8475017547607422
      ],
      "test_accuracy": [
        0.7432432432432432, 0.6938775510204082, 0.6190476190476191,
        0.6802721088435374, 0.7074829931972789
      ],
      "test_balanced_accuracy": [
        0.719070133963751, 0.6804062126642771, 0.6329151732377539,
        0.6502389486260454, 0.6096176821983273
      ],
      "test_f1": [
        0.7421723610402854, 0.696421960951789, 0.6257303671937818,
        0.6782420904869884, 0.6501666173715863
      ],
      "test_recall (early)": [
        0.8085106382978723, 0.7311827956989247, 0.5806451612903226,
        0.7634408602150538, 0.978494623655914
      ],
      "test_recall (late)": [
        0.6296296296296297, 0.6296296296296297, 0.6851851851851852,
        0.5370370370370371, 0.24074074074074073
      ]
    },
    "deep_nn": {
      "fit_time": [
        100.25696420669556, 102.83540320396423, 97.23434805870056,
        78.52513718605042, 83.79494905471802
      ],
      "score_time": [
        0.5562648773193359, 0.8186218738555908, 1.2040460109710693,
        1.6330387592315674, 1.06986403465271
      ],
      "test_accuracy": [
        0.7162162162162162, 0.673469387755102, 0.6462585034013606,
        0.7142857142857143, 0.673469387755102
      ],
      "test_balanced_accuracy": [
        0.7017336485421592, 0.6448626045400239, 0.635005973715651,
        0.6654719235364397, 0.5749701314217444
      ],
      "test_f1": [
        0.7181991774383079, 0.6721257752398431, 0.6505072389281168,
        0.7030091185410334, 0.612536443148688
      ],
      "test_recall (early)": [
        0.7553191489361702, 0.7526881720430108, 0.6774193548387096,
        0.8494623655913979, 0.946236559139785
      ],
      "test_recall (late)": [
        0.6481481481481481, 0.5370370370370371, 0.5925925925925926,
        0.48148148148148145, 0.2037037037037037
      ]
    },
    "svc": {
      "fit_time": [
        24.185270071029663, 23.75358009338379, 24.657058000564575,
        23.343406677246094, 24.360262155532837
      ],
      "score_time": [
        5.923878192901611, 6.0035388469696045, 5.508691072463989,
        6.065793991088867, 5.742218971252441
      ],
      "test_accuracy": [
        0.75, 0.7210884353741497, 0.6530612244897959, 0.7210884353741497,
        0.6666666666666666
      ],
      "test_balanced_accuracy": [
        0.7243892828999212, 0.7096774193548387, 0.6287335722819594,
        0.6786140979689367, 0.5618279569892474
      ],
      "test_f1": [
        0.7483919222139118, 0.7234066755338521, 0.6537150143965347,
        0.7130607332157836, 0.5947794069301072
      ],
      "test_recall (early)": [
        0.8191489361702128, 0.7526881720430108, 0.7204301075268817,
        0.8387096774193549, 0.956989247311828
      ],
      "test_recall (late)": [
        0.6296296296296297, 0.6666666666666666, 0.5370370370370371,
        0.5185185185185185, 0.16666666666666666
      ]
    },
    "stacking": {
      "fit_time": [
        611.1474871635437, 617.8493759632111, 607.2490708827972,
        553.0662949085236, 510.50145626068115
      ],
      "score_time": [
        8.174183130264282, 4.736595869064331, 7.985143184661865,
        9.321500301361084, 10.148802757263184
      ],
      "test_accuracy": [
        0.777027027027027, 0.6938775510204082, 0.7482993197278912,
        0.7482993197278912, 0.7891156462585034
      ],
      "test_balanced_accuracy": [
        0.7507763975155279, 0.6770519578313253, 0.7260751646648587,
        0.7172164948453608, 0.7023809523809523
      ],
      "test_f1": [
        0.7736804867694921, 0.6876911561321152, 0.7449790925544532,
        0.7476734905306335, 0.7784753522062144
      ],
      "test_recall (early)": [
        0.8586956521739131, 0.8072289156626506, 0.8314606741573034,
        0.8144329896907216, 0.9047619047619048
      ],
      "test_recall (late)": [
        0.6428571428571429, 0.546875, 0.6206896551724138, 0.62, 0.5
      ]
    }
  },
  "cnv": {
    "logistic": {
      "fit_time": [
        20.25766086578369, 20.279048919677734, 18.77784490585327,
        19.722904920578003, 20.757091999053955
      ],
      "score_time": [
        0.31771016120910645, 0.32555603981018066, 0.22025012969970703,
        0.24382305145263672, 0.11726903915405273
      ],
      "test_accuracy": [
        0.581081081081081, 0.5578231292517006, 0.54421768707483,
        0.6394557823129252, 0.6870748299319728
      ],
      "test_balanced_accuracy": [
        0.5559495665878644, 0.5068697729988053, 0.4922341696535245,
        0.5636200716845878, 0.5934886499402628
      ],
      "test_f1": [
        0.5840083095517878, 0.5479282622139765, 0.5340183625897911,
        0.606516208950319, 0.6342158485015629
      ],
      "test_recall (early)": [
        0.648936170212766, 0.6989247311827957, 0.6881720430107527,
        0.8494623655913979, 0.946236559139785
      ],
      "test_recall (late)": [
        0.46296296296296297, 0.3148148148148148, 0.2962962962962963,
        0.2777777777777778, 0.24074074074074073
      ]
    },
    "balanced_random_forest": {
      "fit_time": [
        7.950045108795166, 7.720538854598999, 7.97967004776001,
        7.922301769256592, 8.440093994140625
      ],
      "score_time": [
        0.5763540267944336, 0.6309969425201416, 0.5567600727081299,
        0.5299592018127441, 0.20424103736877441
      ],
      "test_accuracy": [
        0.5945945945945946, 0.5918367346938775, 0.5510204081632653,
        0.7074829931972789, 0.6870748299319728
      ],
      "test_balanced_accuracy": [
        0.5823483057525611, 0.5958781362007168, 0.6024492234169654,
        0.6756272401433692, 0.5818399044205496
      ],
      "test_f1": [
        0.6003849974522227, 0.5991253644314869, 0.5464440780018456,
        0.7042118224812417, 0.6163297855027179
      ],
      "test_recall (early)": [
        0.6276595744680851, 0.5806451612903226, 0.40860215053763443,
        0.7956989247311828, 0.978494623655914
      ],
      "test_recall (late)": [
        0.5370370370370371, 0.6111111111111112, 0.7962962962962963,
        0.5555555555555556, 0.18518518518518517
      ]
    },
    "deep_nn": {
      "fit_time": [
        34.56410503387451, 22.935837268829346, 17.742899894714355,
        35.765883922576904, 43.91471195220947
      ],
      "score_time": [
        0.27594614028930664, 0.29718995094299316, 0.3593473434448242,
        0.22501230239868164, 0.16805005073547363
      ],
      "test_accuracy": [
        0.5337837837837838, 0.5918367346938775, 0.5782312925170068,
        0.5170068027210885, 0.6530612244897959
      ],