{"rna": {"logistic": {"fit_time": [0.635873556137085, 0.6828172206878662, 0.5806035995483398, 0.5887603759765625, 0.44461894035339355], "score_time": [0.04544329643249512, 0.038437843322753906, 0.03625059127807617, 0.03444075584411621, 0.02706623077392578], "test_accuracy": [0.872093023255814, 0.9186046511627907, 0.8488372093023255, 0.8372093023255814, 0.872093023255814], "test_balanced_accuracy": [0.832427536231884, 0.9407608695652174, 0.8091356107660456, 0.8240942028985507, 0.8569444444444444], "test_f1": [0.8718899237004372, 0.9191500501767093, 0.8501817188714522, 0.8315327816646446, 0.8718147634590576], "test_recall (Basal)": [1.0, 1.0, 0.9285714285714286, 1.0, 0.9333333333333333], "test_recall (Her2)": [0.6666666666666666, 1.0, 0.6666666666666666, 0.8333333333333334, 0.8333333333333334], "test_recall (LumA)": [0.9130434782608695, 0.9130434782608695, 0.8913043478260869, 0.9130434782608695, 0.9111111111111111], "test_recall (LumB)": [0.75, 0.85, 0.75, 0.55, 0.75]}, "balanced_random_forest": {"fit_time": [1.287334680557251, 1.390566110610962, 1.300926685333252, 1.3128600120544434, 0.9103639125823975], "score_time": [0.09875822067260742, 0.0712137222290039, 0.08605098724365234, 0.07188749313354492, 0.05237078666687012], "test_accuracy": [0.8604651162790697, 0.8023255813953488, 0.8372093023255814, 0.9186046511627907, 0.7790697674418605], "test_balanced_accuracy": [0.8844202898550725, 0.8652173913043479, 0.8416407867494824, 0.9257246376811594, 0.8055555555555556], "test_f1": [0.8665559246954595, 0.8059533759912343, 0.840498003288701, 0.9217037177291713, 0.7883101505192114], "test_recall (Basal)": [1.0, 1.0, 0.8571428571428571, 1.0, 0.9333333333333333], "test_recall (Her2)": [0.8333333333333334, 1.0, 0.8333333333333334, 0.8333333333333334, 0.8333333333333334], "test_recall (LumA)": [0.8043478260869565, 0.7608695652173914, 0.8260869565217391, 0.8695652173913043, 0.7555555555555555], "test_recall (LumB)": [0.9, 0.7, 0.85, 1.0, 0.7]}, "deep_nn": {"fit_time": [1.2617859840393066, 1.2369277477264404, 1.5630292892456055, 1.4049005508422852, 1.1005887985229492], "score_time": [0.032889366149902344, 0.034981727600097656, 0.08037853240966797, 0.05434727668762207, 0.033292531967163086], "test_accuracy": [0.8953488372093024, 0.9186046511627907, 0.8372093023255814, 0.8837209302325582, 0.813953488372093], "test_balanced_accuracy": [0.8282608695652174, 0.9115942028985508, 0.7895703933747412, 0.8307971014492754, 0.8152777777777778], "test_f1": [0.8945736434108525, 0.9204641439952359, 0.8330592879784625, 0.8792911997803738, 0.8144885338509588], "test_recall (Basal)": [1.0, 1.0, 0.9285714285714286, 1.0, 0.9333333333333333], "test_recall (Her2)": [0.5, 0.8333333333333334, 0.6666666666666666, 0.6666666666666666, 0.8333333333333334], "test_recall (LumA)": [0.9130434782608695, 0.9130434782608695, 0.9130434782608695, 0.9565217391304348, 0.8444444444444444], "test_recall (LumB)": [0.9, 0.9, 0.65, 0.7, 0.65]}, "svc": {"fit_time": [0.2128453254699707, 0.20159578323364258, 0.13755273818969727, 0.22660136222839355, 0.15503907203674316], "score_time": [0.07760047912597656, 0.08159112930297852, 0.05613517761230469, 0.08368468284606934, 0.03889894485473633], "test_accuracy": [0.872093023255814, 0.9069767441860465, 0.872093023255814, 0.8255813953488372, 0.8953488372093024], "test_balanced_accuracy": [0.832427536231884, 0.9282608695652175, 0.8995341614906833, 0.782427536231884, 0.9041666666666667], "test_f1": [0.8718899237004372, 0.9069767441860465, 0.8738014784526413, 0.8191952750092285, 0.8945207965290947], "test_recall (Basal)": [1.0, 1.0, 0.9285714285714286, 1.0, 0.9333333333333333], "test_recall (Her2)": [0.6666666666666666, 1.0, 1.0, 0.6666666666666666, 1.0], "test_recall (LumA)": [0.9130434782608695, 0.9130434782608695, 0.8695652173913043, 0.9130434782608695, 0.9333333333333333], "test_recall (LumB)": [0.75, 0.8, 0.8, 0.55, 0.75]}, "stacking": {"fit_time": [13.655288219451904, 14.123353004455566, 11.823446989059448, 12.947291612625122, 8.688839673995972], "score_time": [0.24949193000793457, 0.36351609230041504, 0.2595634460449219, 0.3126249313354492, 0.09569191932678223], "test_accuracy": [0.8837209302325582, 0.8604651162790697, 0.8604651162790697, 0.8372093023255814, 0.872093023255814], "test_balanced_accuracy": [0.8519927536231884, 0.8853260869565217, 0.879968944099379, 0.7878623188405798, 0.8930555555555555], "test_f1": [0.8856471693680995, 0.8597065113588983, 0.8595386106342794, 0.8294305178026108, 0.872211990094909], "test_recall (Basal)": [1.0, 1.0, 0.9285714285714286, 1.0, 0.9333333333333333], "test_recall (Her2)": [0.6666666666666666, 1.0, 1.0, 0.6666666666666666, 1.0], "test_recall (LumA)": [0.8913043478260869, 0.8913043478260869, 0.8913043478260869, 0.9347826086956522, 0.8888888888888888], "test_recall (LumB)": [0.85, 0.65, 0.7, 0.55, 0.75]}}, "mirna": {"logistic": {"fit_time": [0.839850664138794, 0.7982161045074463, 0.8539443016052246, 0.8979330062866211, 0.45362401008605957], "score_time": [0.07729029655456543, 0.0741581916809082, 0.06336522102355957, 0.032395362854003906, 0.029610633850097656], "test_accuracy": [0.7558139534883721, 0.7558139534883721, 0.7790697674418605, 0.8372093023255814, 0.8255813953488372], "test_balanced_accuracy": [0.6216356107660456, 0.6445393374741201, 0.6925465838509317, 0.7657608695652174, 0.8319444444444444], "test_f1": [0.7373141633345504, 0.7477030858525168, 0.7733169215727355, 0.8334149326805386, 0.8207941122185309], "test_recall (Basal)": [0.9285714285714286, 0.8571428571428571, 0.8571428571428571, 1.0, 0.8666666666666667], "test_recall (Her2)": [0.16666666666666666, 0.16666666666666666, 0.5, 0.5, 1.0], "test_recall (LumA)": [0.8913043478260869, 0.8043478260869565, 0.9130434782608695, 0.9130434782608695, 0.9111111111111111], "test_recall (LumB)": [0.5, 0.75, 0.5, 0.65, 0.55]}, "balanced_random_forest": {"fit_time": [1.413945198059082, 1.366546869277954, 1.1211864948272705, 1.1763434410095215, 0.7420437335968018], "score_time": [0.06237506866455078, 0.06572628021240234, 0.06424975395202637, 0.06483697891235352, 0.05182051658630371], "test_accuracy": [0.7674418604651163, 0.8023255813953488, 0.7790697674418605, 0.8372093023255814, 0.7906976744186046], "test_balanced_accuracy": [0.692468944099379, 0.7344202898550725, 0.7553312629399587, 0.7286231884057971, 0.8152777777777778], "test_f1": [0.7562595590241321, 0.7996838789907373, 0.7804831311966112, 0.8276847736980629, 0.7899522957662491], "test_recall (Basal)": [0.9285714285714286, 1.0, 0.9285714285714286, 1.0, 0.8666666666666667], "test_recall (Her2)": [0.5, 0.3333333333333333, 0.6666666666666666, 0.16666666666666666, 1.0], "test_recall (LumA)": [0.8913043478260869, 0.8043478260869565, 0.8260869565217391, 0.8478260869565217, 0.8444444444444444], "test_recall (LumB)": [0.45, 0.8, 0.6, 0.9, 0.55]}, "deep_nn": {"fit_time": [1.2567808628082275, 1.3298680782318115, 1.3550291061401367, 1.3615353107452393, 0.6775643825531006], "score_time": [0.036916494369506836, 0.031996726989746094, 0.030977725982666016, 0.0288543701171875, 0.016120195388793945], "test_accuracy": [0.7441860465116279, 0.7209302325581395, 0.7906976744186046, 0.8488372093023255, 0.8023255813953488], "test_balanced_accuracy": [0.6258799171842649, 0.6248188405797102, 0.7033385093167702, 0.7658385093167701, 0.7166666666666667], "test_f1": [0.7238999691280039, 0.707396285884658, 0.7744420953723279, 0.8441986002573518, 0.7900354082881623], "test_recall (Basal)": [0.8571428571428571, 1.0, 0.9285714285714286, 0.9285714285714286, 0.9333333333333333], "test_recall (Her2)": [0.3333333333333333, 0.16666666666666666, 0.5, 0.5, 0.5], "test_recall (LumA)": [0.9130434782608695, 0.782608695652174, 0.9347826086956522, 0.9347826086956522, 0.9333333333333333], "test_recall (LumB)": [0.4, 0.55, 0.45, 0.7, 0.5]}, "svc": {"fit_time": [0.11874103546142578, 0.12976765632629395, 0.11788487434387207, 0.11507010459899902, 0.07915377616882324],