{
  "rna + mirna + meth": {
    "fit_time": [
      1224.0926690101624, 1318.0104501247406, 1222.323693037033,
      1257.777792930603, 1187.6530449390411, 1273.7584187984467,
      1230.4337120056152, 1245.0696761608124, 1088.3917541503906,
      1012.8596329689026, 1059.9002480506897, 1038.5790820121765,
      1030.4618680477142, 1037.6065299510956, 1020.9774808883667
    ],
    "score_time": [
      4.205507040023804, 4.939986944198608, 4.124039888381958,
      6.057995080947876, 3.808505058288574, 7.24021315574646, 5.842881917953491,
      4.8504860401153564, 2.6497838497161865, 3.037163019180298,
      2.3801727294921875, 3.4734041690826416, 2.848022937774658,
      1.5927438735961914, 1.3256621360778809
    ],
    "test_accuracy": [
      0.9186046511627907, 0.8953488372093024, 0.8837209302325582,
      0.9418604651162791, 0.8604651162790697, 0.9418604651162791,
      0.9534883720930233, 0.9069767441860465, 0.9069767441860465,
      0.872093023255814, 0.9651162790697675, 0.8837209302325582,
      0.8488372093023255, 0.9651162790697675, 0.8837209302325582
    ],
    "test_balanced_accuracy": [
      0.933695652173913, 0.7708333333333333, 0.8687370600414079,
      0.8862318840579709, 0.8444444444444443, 0.9375, 0.9463509316770187,
      0.8336956521739131, 0.8266304347826087, 0.8388888888888888,
      0.9041666666666666, 0.8546066252587992, 0.8162008281573498,
      0.9333333333333333, 0.8236111111111111
    ],
    "test_f1": [
      0.9177616022042646, 0.88470937593324, 0.8857456066758392,
      0.9399229117624234, 0.8586690436911287, 0.9392060828167277,
      0.9534665561324666, 0.9050716725135329, 0.9024179121703504,
      0.8725359911406423, 0.9632786245341823, 0.8818550663715902,
      0.8520867590635034, 0.9647672807494069, 0.8770147894116387
    ],
    "test_recall (Basal)": [
      1.0, 1.0, 0.9285714285714286, 1.0, 0.9333333333333333, 1.0,
      0.8571428571428571, 1.0, 1.0, 1.0, 1.0, 0.9285714285714286,
      0.9285714285714286, 1.0, 1.0
    ],
    "test_recall (Her2)": [
      1.0, 0.3333333333333333, 0.8333333333333334, 0.6666666666666666,
      0.8333333333333334, 1.0, 1.0, 0.5, 0.5, 0.6666666666666666,
      0.6666666666666666, 0.8333333333333334, 0.6666666666666666,
      0.8333333333333334, 0.6666666666666666
    ],
    "test_recall (LumA)": [
      0.9347826086956522, 1.0, 0.9130434782608695, 0.9782608695652174,
      0.9111111111111111, 1.0, 0.9782608695652174, 0.9347826086956522,
      0.9565217391304348, 0.8888888888888888, 1.0, 0.9565217391304348,
      0.8695652173913043, 1.0, 0.9777777777777777
    ],
    "test_recall (LumB)": [
      0.8, 0.75, 0.8, 0.9, 0.7, 0.75, 0.95, 0.9, 0.85, 0.8, 0.95, 0.7, 0.8, 0.9,
      0.65
    ]
  },
  "rna": {
    "fit_time": [
      609.6387917995453, 749.3267819881439, 594.2561631202698,
      611.7689821720123, 569.9049551486969, 617.796865940094, 643.4912099838257,
      684.3950610160828, 547.5913631916046, 464.9492561817169,
      494.5222010612488, 502.4002959728241, 510.29275703430176,
      462.24851989746094, 404.5633738040924
    ],
    "score_time": [
      15.960103034973145, 20.581169843673706, 18.541141033172607,
      14.74494194984436, 15.298919916152954, 17.287474870681763,
      30.430516004562378, 18.481119871139526, 5.614867925643921,
      11.521502017974854, 10.902045965194702, 5.966736793518066,
      2.7679989337921143, 5.620541095733643, 4.484812021255493
    ],
    "test_accuracy": [
      0.9186046511627907, 0.9302325581395349, 0.872093023255814,
      0.9418604651162791, 0.8604651162790697, 0.9418604651162791,
      0.9302325581395349, 0.9186046511627907, 0.9069767441860465,
      0.8953488372093024, 0.9534883720930233, 0.8837209302325582,
      0.8953488372093024, 0.9651162790697675, 0.872093023255814
    ],
    "test_balanced_accuracy": [
      0.933695652173913, 0.8375, 0.8200051759834369, 0.9445652173913044,
      0.8444444444444443, 0.9375, 0.892184265010352, 0.8753623188405797,
      0.8849637681159421, 0.8569444444444444, 0.8625, 0.8546066252587992,
      0.8520703933747412, 0.9333333333333333, 0.8111111111111111
    ],
    "test_f1": [
      0.9177616022042646, 0.9246422182468694, 0.8707570509648689,
      0.9413521334001452, 0.8586690436911287, 0.9392060828167277,
      0.9308673322176697, 0.9193416042523669, 0.9045864460670522,
      0.8952380952380952, 0.9481223020355236, 0.8818550663715902,
      0.8970116635389694, 0.9647672807494069, 0.8634711437107306
    ],
    "test_recall (Basal)": [
      1.0, 1.0, 0.9285714285714286, 1.0, 0.9333333333333333, 1.0,
      0.8571428571428571, 1.0, 1.0, 1.0, 1.0, 0.9285714285714286,
      0.9285714285714286, 1.0, 1.0
    ],
    "test_recall (Her2)": [
      1.0, 0.5, 0.6666666666666666, 1.0, 0.8333333333333334, 1.0,
      0.8333333333333334, 0.6666666666666666, 0.8333333333333334,
      0.6666666666666666, 0.5, 0.8333333333333334, 0.6666666666666666,
      0.8333333333333334, 0.6666666666666666
    ],
    "test_recall (LumA)": [
      0.9347826086956522, 1.0, 0.9347826086956522, 0.9782608695652174,
      0.9111111111111111, 1.0, 0.9782608695652174, 0.9347826086956522,
      0.9565217391304348, 0.9111111111111111, 1.0, 0.9565217391304348,
      0.9130434782608695, 1.0, 0.9777777777777777
    ],
    "test_recall (LumB)": [
      0.8, 0.85, 0.75, 0.8, 0.7, 0.75, 0.9, 0.9, 0.75, 0.85, 0.95, 0.7, 0.9,
      0.9, 0.6
    ]
  },
  "mirna + meth": {
    "fit_time": [
      151.88078594207764, 151.49249291419983, 152.88661289215088,
      150.80379486083984, 152.30684900283813, 149.5260739326477,
      155.11322617530823, 153.0348608493805, 123.86083006858826,
      119.94695973396301, 122.30241417884827, 122.1626489162445,
      121.51464819908142, 119.67182517051697, 119.59592914581299
    ],
    "score_time": [
      0.266585111618042, 0.27366209030151367, 0.2750389575958252,
      0.3012580871582031, 0.2846090793609619, 0.3048069477081299,
      0.24973273277282715, 0.291140079498291, 0.19563508033752441,
      0.20166707038879395, 0.12598705291748047, 0.06858611106872559,
      0.11789584159851074, 0.23275184631347656, 0.2149651050567627
    ],
    "test_accuracy": [
      0.9069767441860465, 0.872093023255814, 0.8488372093023255,
      0.8953488372093024, 0.8255813953488372, 0.8953488372093024,
      0.8488372093023255, 0.872093023255814, 0.872093023255814,
      0.813953488372093, 0.9069767441860465, 0.8604651162790697,
      0.8488372093023255, 0.8953488372093024, 0.8488372093023255
    ],
    "test_balanced_accuracy": [
      0.9211956521739131, 0.7670289855072463, 0.8020703933747413,
      0.836231884057971, 0.7777777777777778, 0.8291666666666666,
      0.8188146997929606, 0.8032608695652175, 0.7961956521739131,
      0.7972222222222223, 0.8920289855072465, 0.8729037267080745,
      0.8453674948240165, 0.8503623188405798, 0.75
    ],
    "test_f1": [
      0.9055183728742935, 0.8643174250248854, 0.8474160048211457,
      0.8901535965813945, 0.8208363777389011, 0.8878914983650381,
      0.8466932649154191, 0.869610259707784, 0.8665086204361839,
      0.816602340331383, 0.9068858123621816, 0.8585973978874837,
      0.8512413512413513, 0.8931925289014562, 0.8316088923220905
    ],
    "test_recall (Basal)": [
      1.0, 1.0, 0.9285714285714286, 1.0, 0.9333333333333333, 1.0,
      0.8571428571428571, 1.0, 1.0, 1.0, 1.0, 0.9285714285714286,
      0.9285714285714286, 1.0, 1.0
    ],
    "test_recall (Her2)": [
      1.0, 0.3333333333333333, 0.6666666666666666, 0.6666666666666666,
      0.6666666666666666, 0.6666666666666666, 0.8333333333333334, 0.5, 0.5,
      0.6666666666666666, 0.8333333333333334, 1.0, 0.8333333333333334,
      0.6666666666666666, 0.5
    ],
    "test_recall (LumA)": [
      0.9347826086956522, 0.9347826086956522, 0.9130434782608695,
      0.9782608695652174, 0.9111111111111111, 1.0, 0.9347826086956522,
      0.9130434782608695, 0.9347826086956522, 0.8222222222222222,
      0.9347826086956522, 0.9130434782608695, 0.8695652173913043,
      0.9347826086956522, 1.0
    ],