{"mirna + meth": {"fit_time": [95.37371897697449, 95.50712132453918, 84.1567485332489, 82.15017318725586, 73.46523952484131, 71.953622341156, 72.09348893165588, 71.83618140220642, 70.47788453102112, 68.98942637443542, 70.91993856430054, 72.93760967254639, 71.64956760406494, 68.12506890296936, 38.84471416473389], "score_time": [0.22128081321716309, 0.21263694763183594, 0.1429429054260254, 0.12645912170410156, 0.13030743598937988, 0.13264131546020508, 0.13384675979614258, 0.3010845184326172, 0.3588235378265381, 0.12483334541320801, 0.12571930885314941, 0.16560649871826172, 0.11970663070678711, 0.11055445671081543, 0.10313820838928223], "test_accuracy": [0.8372093023255814, 0.8488372093023255, 0.8604651162790697, 0.9069767441860465, 0.813953488372093, 0.8837209302325582, 0.8372093023255814, 0.8372093023255814, 0.8488372093023255, 0.7906976744186046, 0.8953488372093024, 0.8604651162790697, 0.8372093023255814, 0.8372093023255814, 0.813953488372093], "test_balanced_accuracy": [0.8382246376811594, 0.7057971014492754, 0.8075051759834369, 0.8416666666666666, 0.7791666666666667, 0.8378623188405797, 0.7338509316770186, 0.7728260869565218, 0.7711956521739131, 0.7722222222222223, 0.8574275362318841, 0.8729037267080745, 0.7312370600414079, 0.7878623188405798, 0.726388888888889], "test_f1": [0.835755960933807, 0.8318939814529229, 0.8587068508580138, 0.9011734284732338, 0.8131984294774992, 0.8812437575221448, 0.8292352524910664, 0.8364341085271318, 0.8406737100941902, 0.7915227143814778, 0.8962266505803553, 0.8585973978874837, 0.8331398095001786, 0.827383542506168, 0.7966991747936985], "test_recall (Basal)": [1.0, 1.0, 0.9285714285714286, 1.0, 0.9333333333333333, 1.0, 0.8571428571428571, 1.0, 1.0, 1.0, 1.0, 0.9285714285714286, 0.9285714285714286, 1.0, 1.0], "test_recall (Her2)": [0.8333333333333334, 0.16666666666666666, 0.6666666666666666, 0.6666666666666666, 0.6666666666666666, 0.6666666666666666, 0.5, 0.5, 0.5, 0.6666666666666666, 0.6666666666666666, 1.0, 0.3333333333333333, 0.6666666666666666, 0.5], "test_recall (LumA)": [0.8695652173913043, 0.9565217391304348, 0.9347826086956522, 1.0, 0.8666666666666667, 0.9347826086956522, 0.9782608695652174, 0.8913043478260869, 0.9347826086956522, 0.8222222222222222, 0.9130434782608695, 0.9130434782608695, 0.9130434782608695, 0.9347826086956522, 0.9555555555555556], "test_recall (LumB)": [0.65, 0.7, 0.7, 0.7, 0.65, 0.75, 0.6, 0.7, 0.65, 0.6, 0.85, 0.65, 0.75, 0.55, 0.45]}, "meth": {"fit_time": [15.475611448287964, 15.26099944114685, 14.113213539123535, 13.875477313995361, 13.707688808441162, 13.630003929138184, 14.216361999511719, 13.864797592163086, 14.288238763809204, 13.660774946212769, 14.429702281951904, 14.5260009765625, 14.021032094955444, 13.028875827789307, 7.179961919784546], "score_time": [0.13448619842529297, 0.14273595809936523, 0.12800908088684082, 0.16271066665649414, 0.13744068145751953, 0.1435081958770752, 0.15234994888305664, 0.1414787769317627, 0.17915654182434082, 0.14744305610656738, 0.13107943534851074, 0.1374354362487793, 0.14678573608398438, 0.13550519943237305, 0.0756528377532959], "test_accuracy": [0.7790697674418605, 0.7558139534883721, 0.813953488372093, 0.8255813953488372, 0.8023255813953488, 0.8488372093023255, 0.813953488372093, 0.8023255813953488, 0.8372093023255814, 0.7906976744186046, 0.8837209302325582, 0.813953488372093, 0.8372093023255814, 0.7906976744186046, 0.7441860465116279], "test_balanced_accuracy": [0.8190217391304349, 0.6269927536231885, 0.737111801242236, 0.7965579710144927, 0.8027777777777778, 0.8144927536231883, 0.752148033126294, 0.7927536231884058, 0.7516304347826086, 0.7652777777777777, 0.8519927536231884, 0.8440993788819876, 0.7966356107660455, 0.7395703933747413, 0.6652777777777777], "test_f1": [0.7736015084852295, 0.7353112445047373, 0.8117404053630378, 0.8219116980201989, 0.8030834442221773, 0.8457112598418361, 0.8077736217271101, 0.8070824524312896, 0.8240393431691259, 0.7878239582778989, 0.8844709644060645, 0.8128869824293681, 0.8379394676212782, 0.7773808655925738, 0.711967054263566], "test_recall (Basal)": [1.0, 1.0, 0.8571428571428571, 1.0, 0.9333333333333333, 1.0, 0.8571428571428571, 1.0, 1.0, 1.0, 1.0, 0.9285714285714286, 0.9285714285714286, 0.9285714285714286, 1.0], "test_recall (Her2)": [1.0, 0.16666666666666666, 0.5, 0.6666666666666666, 0.8333333333333334, 0.6666666666666666, 0.6666666666666666, 0.6666666666666666, 0.5, 0.6666666666666666, 0.6666666666666666, 1.0, 0.6666666666666666, 0.6666666666666666, 0.5], "test_recall (LumA)": [0.8260869565217391, 0.8913043478260869, 0.8913043478260869, 0.8695652173913043, 0.8444444444444444, 0.8913043478260869, 0.9347826086956522, 0.8043478260869565, 0.9565217391304348, 0.8444444444444444, 0.8913043478260869, 0.8478260869565217, 0.8913043478260869, 0.9130434782608695, 0.9111111111111111], "test_recall (LumB)": [0.45, 0.45, 0.7, 0.65, 0.6, 0.7, 0.55, 0.7, 0.55, 0.55, 0.85, 0.6, 0.7, 0.45, 0.25]}, "rna + mirna + meth": {"fit_time": [109.4621810913086, 109.83336162567139, 101.36712408065796, 100.71845746040344, 104.55519223213196, 104.1996521949768, 101.44474601745605, 100.94560384750366, 106.70524883270264, 104.2005341053009, 116.00017547607422, 117.28796029090881, 101.92436051368713, 97.8820858001709, 53.479079246520996], "score_time": [0.386699914932251, 0.47922492027282715, 0.3181884288787842, 0.26920080184936523, 0.3897714614868164, 0.2612452507019043, 0.18687105178833008, 0.18209314346313477, 0.3689754009246826, 0.23775625228881836, 0.2526082992553711, 0.23784184455871582, 0.19289493560791016, 0.18706345558166504, 0.12306094169616699], "test_accuracy": [0.872093023255814, 0.8837209302325582, 0.8488372093023255, 0.9418604651162791, 0.8255813953488372, 0.9302325581395349, 0.9534883720930233, 0.8953488372093024, 0.8604651162790697, 0.8604651162790697, 0.8837209302325582, 0.9302325581395349, 0.8953488372093024, 0.872093023255814, 0.8255813953488372], "test_balanced_accuracy": [0.8615942028985508, 0.8016304347826086, 0.8312370600414078, 0.8791666666666667, 0.8569444444444444, 0.9320652173913043, 0.9392857142857143, 0.8503623188405798, 0.7907608695652174, 0.8694444444444445, 0.8378623188405797, 0.9267080745341616, 0.8812370600414079, 0.832427536231884, 0.7819444444444443], "test_f1": [0.8711616603749212, 0.8790132755861031, 0.8469694909107395, 0.9390621702612587, 0.825828141385479, 0.9278100775193799, 0.9538904544503649, 0.8947370989088737, 0.8556165357128755, 0.8641034465804611, 0.882384957941613, 0.9291137067299857, 0.8969011178313504, 0.8710793082886107, 0.818377401367886], "test_recall (Basal)": [1.0, 1.0, 0.9285714285714286, 1.0, 0.9333333333333333, 1.0, 0.8571428571428571, 1.0, 1.0, 1.0, 1.0, 0.9285714285714286, 0.9285714285714286, 1.0, 1.0], "test_recall (Her2)": [0.8333333333333334, 0.5, 0.8333333333333334, 0.6666666666666666, 1.0, 1.0, 1.0, 0.6666666666666666, 0.5, 0.8333333333333334, 0.6666666666666666, 1.0, 0.8333333333333334, 0.6666666666666666, 0.6666666666666666], "test_recall (LumA)": [0.9130434782608695, 0.9565217391304348, 0.9130434782608695, 1.0, 0.8444444444444444, 0.9782608695652174, 1.0, 0.9347826086956522, 0.9130434782608695, 0.8444444444444444, 0.9347826086956522, 0.9782608695652174, 0.9130434782608695, 0.9130434782608695, 0.9111111111111111], "test_recall (LumB)": [0.7, 0.75, 0.65, 0.85, 0.65, 0.75, 0.9, 0.8, 0.75, 0.8, 0.75, 0.8, 0.85, 0.75, 0.55]}, "rna": {"fit_time": [8.801961183547974, 8.909656047821045, 10.2597496509552, 10.682878971099854, 10.461014032363892, 10.659585952758789, 9.017110824584961, 8.85697889328003, 10.483250856399536, 10.311772584915161, 10.640323877334595, 10.98512315750122, 9.633010149002075, 10.059289932250977, 6.195708990097046], "score_time": [0.12362480163574219, 0.113494873046875, 0.14941668510437012, 0.142289400100708, 0.1472620964050293, 0.16044044494628906, 0.13322949409484863, 0.3257136344909668, 0.13914775848388672, 0.13593649864196777, 0.13232946395874023, 0.1610243320465088, 0.21982645988464355, 0.3093078136444092, 0.0877840518951416],