{"rna": {"fit_time": [13.655288219451904, 14.123353004455566, 11.823446989059448, 12.947291612625122, 8.688839673995972], "score_time": [0.24949193000793457, 0.36351609230041504, 0.2595634460449219, 0.3126249313354492, 0.09569191932678223], "test_accuracy": [0.8837209302325582, 0.8604651162790697, 0.8604651162790697, 0.8372093023255814, 0.872093023255814], "test_balanced_accuracy": [0.8519927536231884, 0.8853260869565217, 0.879968944099379, 0.7878623188405798, 0.8930555555555555], "test_f1": [0.8856471693680995, 0.8597065113588983, 0.8595386106342794, 0.8294305178026108, 0.872211990094909], "test_recall (Basal)": [1.0, 1.0, 0.9285714285714286, 1.0, 0.9333333333333333], "test_recall (Her2)": [0.6666666666666666, 1.0, 1.0, 0.6666666666666666, 1.0], "test_recall (LumA)": [0.8913043478260869, 0.8913043478260869, 0.8913043478260869, 0.9347826086956522, 0.8888888888888888], "test_recall (LumB)": [0.85, 0.65, 0.7, 0.55, 0.75]}, "mirna": {"fit_time": [15.181807041168213, 15.018036127090454, 17.2368106842041, 17.07451820373535, 8.299075365066528], "score_time": [0.12897634506225586, 0.18553948402404785, 0.12308049201965332, 0.12017059326171875, 0.07143712043762207], "test_accuracy": [0.7674418604651163, 0.7441860465116279, 0.7674418604651163, 0.8372093023255814, 0.8604651162790697], "test_balanced_accuracy": [0.620005175983437, 0.6736283643892339, 0.702148033126294, 0.7949275362318841, 0.8624999999999999], "test_f1": [0.7443176755526394, 0.7439928965369799, 0.7493808387994435, 0.8326514478995898, 0.8578151065911165], "test_recall (Basal)": [0.9285714285714286, 0.9285714285714286, 0.8571428571428571, 1.0, 0.8666666666666667], "test_recall (Her2)": [0.16666666666666666, 0.3333333333333333, 0.6666666666666666, 0.6666666666666666, 1.0], "test_recall (LumA)": [0.9347826086956522, 0.782608695652174, 0.9347826086956522, 0.9130434782608695, 0.9333333333333333], "test_recall (LumB)": [0.45, 0.65, 0.35, 0.6, 0.65]}, "methylation": {"fit_time": [19.41333508491516, 19.341657638549805, 20.88097596168518, 21.576621294021606, 17.539902687072754], "score_time": [0.2859523296356201, 0.18688583374023438, 0.2392733097076416, 0.378232479095459, 0.13042807579040527], "test_accuracy": [0.8604651162790697, 0.8372093023255814, 0.7906976744186046, 0.7674418604651163, 0.8023255813953488], "test_balanced_accuracy": [0.7978260869565217, 0.8382246376811594, 0.7254399585921326, 0.7207298136645962, 0.7555555555555555], "test_f1": [0.8604186511163255, 0.836859590837559, 0.7659477184784524, 0.7702372562837679, 0.8015232625391745], "test_recall (Basal)": [1.0, 1.0, 0.9285714285714286, 0.9285714285714286, 0.8666666666666667], "test_recall (Her2)": [0.5, 0.8333333333333334, 0.6666666666666666, 0.5, 0.6666666666666666], "test_recall (LumA)": [0.8913043478260869, 0.8695652173913043, 0.9565217391304348, 0.8043478260869565, 0.8888888888888888], "test_recall (LumB)": [0.8, 0.65, 0.35, 0.65, 0.6]}, "rna + mirna + meth": {"fit_time": [100.06104397773743, 99.97655987739563, 97.21851348876953, 97.67524981498718, 54.59010291099548], "score_time": [0.25789499282836914, 0.24770832061767578, 0.1910867691040039, 0.19251060485839844, 0.14092183113098145], "test_accuracy": [0.8837209302325582, 0.8953488372093024, 0.8372093023255814, 0.872093023255814, 0.8837209302325582], "test_balanced_accuracy": [0.8740942028985508, 0.8936594202898551, 0.8116718426501035, 0.8182971014492754, 0.8986111111111111], "test_f1": [0.8837550296665075, 0.8975335264857084, 0.8304681045544833, 0.8672792188016355, 0.8840954554667466], "test_recall (Basal)": [1.0, 1.0, 0.9285714285714286, 1.0, 0.9333333333333333], "test_recall (Her2)": [0.8333333333333334, 0.8333333333333334, 0.8333333333333334, 0.6666666666666666, 1.0], "test_recall (LumA)": [0.9130434782608695, 0.8913043478260869, 0.9347826086956522, 0.9565217391304348, 0.9111111111111111], "test_recall (LumB)": [0.75, 0.85, 0.55, 0.65, 0.75]}, "mirna + meth": {"fit_time": [92.14868187904358, 94.1104838848114, 78.3329107761383, 77.91473150253296, 51.28077173233032], "score_time": [0.12977147102355957, 0.14401507377624512, 0.13158822059631348, 0.13921833038330078, 0.11025524139404297], "test_accuracy": [0.8255813953488372, 0.8488372093023255, 0.813953488372093, 0.8372093023255814, 0.8604651162790697], "test_balanced_accuracy": [0.7391304347826086, 0.7994565217391304, 0.7433747412008281, 0.7728260869565218, 0.8375], "test_f1": [0.8111854332751546, 0.8490376904570971, 0.7936616507067943, 0.8341269505770051, 0.858538146034857], "test_recall (Basal)": [1.0, 1.0, 0.9285714285714286, 1.0, 0.9333333333333333], "test_recall (Her2)": [0.5, 0.5, 0.6666666666666666, 0.5, 0.8333333333333334], "test_recall (LumA)": [0.9565217391304348, 0.8478260869565217, 0.9782608695652174, 0.8913043478260869, 0.9333333333333333], "test_recall (LumB)": [0.5, 0.85, 0.4, 0.7, 0.65]}, "rna + mirna": {"fit_time": [64.88485908508301, 66.22475528717041, 62.50120139122009, 63.34071969985962, 35.46078395843506], "score_time": [0.15575885772705078, 0.12191557884216309, 0.3012077808380127, 0.13093280792236328, 0.08261823654174805], "test_accuracy": [0.8837209302325582, 0.8953488372093024, 0.872093023255814, 0.8837209302325582, 0.8837209302325582], "test_balanced_accuracy": [0.8740942028985508, 0.8574275362318841, 0.8783385093167702, 0.8237318840579709, 0.8986111111111111], "test_f1": [0.8837550296665075, 0.8957667507709558, 0.8682874511362884, 0.8777830512049781, 0.8840954554667466], "test_recall (Basal)": [1.0, 1.0, 0.9285714285714286, 1.0, 0.9333333333333333], "test_recall (Her2)": [0.8333333333333334, 0.6666666666666666, 1.0, 0.6666666666666666, 1.0], "test_recall (LumA)": [0.9130434782608695, 0.9130434782608695, 0.9347826086956522, 0.9782608695652174, 0.9111111111111111], "test_recall (LumB)": [0.75, 0.85, 0.65, 0.65, 0.75]}, "rna + meth": {"fit_time": [72.65635108947754, 72.79773116111755, 70.31871891021729, 70.6056604385376, 39.66868734359741], "score_time": [0.12006092071533203, 0.13555335998535156, 0.14820194244384766, 0.13123059272766113, 0.09250569343566895], "test_accuracy": [0.8953488372093024, 0.9069767441860465, 0.8604651162790697, 0.8488372093023255, 0.8953488372093024], "test_balanced_accuracy": [0.8574275362318841, 0.9282608695652175, 0.8729037267080745, 0.8003623188405797, 0.9111111111111112], "test_f1": [0.8962266505803553, 0.9078626799557032, 0.8575311777270163, 0.8430311659547539, 0.8957233624434907], "test_recall (Basal)": [1.0, 1.0, 0.9285714285714286, 1.0, 0.9333333333333333], "test_recall (Her2)": [0.6666666666666666, 1.0, 1.0, 0.6666666666666666, 1.0], "test_recall (LumA)": [0.9130434782608695, 0.9130434782608695, 0.9130434782608695, 0.9347826086956522, 0.9111111111111111], "test_recall (LumB)": [0.85, 0.8, 0.65, 0.6, 0.8]}}